// Validating benchmarks:
// ***** BenchmarkRunner: Start   *****
// ***** Found 36 benchmark(s) in total *****
// ***** Building 1 exe(s) in Parallel: Start   *****
// start dotnet  restore --nodeReuse:false /p:UseSharedCompilation=false /p:Deterministic=true /p:Optimize=true /p:ArtifactsPath="C:\Users\Marci\.codex\worktrees\03bd\StreamFrame\bench\StreamFrame.Benchmarks\bin\Release\net10.0\StreamFrame.Benchmarks-Job-JTGOSM-1/" /p:OutDir="C:\Users\Marci\.codex\worktrees\03bd\StreamFrame\bench\StreamFrame.Benchmarks\bin\Release\net10.0\StreamFrame.Benchmarks-Job-JTGOSM-1\bin\Release\net10.0/" /p:OutputPath="C:\Users\Marci\.codex\worktrees\03bd\StreamFrame\bench\StreamFrame.Benchmarks\bin\Release\net10.0\StreamFrame.Benchmarks-Job-JTGOSM-1\bin\Release\net10.0/" /p:PublishDir="C:\Users\Marci\.codex\worktrees\03bd\StreamFrame\bench\StreamFrame.Benchmarks\bin\Release\net10.0\StreamFrame.Benchmarks-Job-JTGOSM-1\publish/" in C:\Users\Marci\.codex\worktrees\03bd\StreamFrame\bench\StreamFrame.Benchmarks\bin\Release\net10.0\StreamFrame.Benchmarks-Job-JTGOSM-1
// command took 2.23 sec and exited with 0
// start dotnet  build -c Release --no-restore --nodeReuse:false /p:UseSharedCompilation=false /p:Deterministic=true /p:Optimize=true /p:ArtifactsPath="C:\Users\Marci\.codex\worktrees\03bd\StreamFrame\bench\StreamFrame.Benchmarks\bin\Release\net10.0\StreamFrame.Benchmarks-Job-JTGOSM-1/" /p:OutDir="C:\Users\Marci\.codex\worktrees\03bd\StreamFrame\bench\StreamFrame.Benchmarks\bin\Release\net10.0\StreamFrame.Benchmarks-Job-JTGOSM-1\bin\Release\net10.0/" /p:OutputPath="C:\Users\Marci\.codex\worktrees\03bd\StreamFrame\bench\StreamFrame.Benchmarks\bin\Release\net10.0\StreamFrame.Benchmarks-Job-JTGOSM-1\bin\Release\net10.0/" /p:PublishDir="C:\Users\Marci\.codex\worktrees\03bd\StreamFrame\bench\StreamFrame.Benchmarks\bin\Release\net10.0\StreamFrame.Benchmarks-Job-JTGOSM-1\publish/" --output "C:\Users\Marci\.codex\worktrees\03bd\StreamFrame\bench\StreamFrame.Benchmarks\bin\Release\net10.0\StreamFrame.Benchmarks-Job-JTGOSM-1\bin\Release\net10.0/" in C:\Users\Marci\.codex\worktrees\03bd\StreamFrame\bench\StreamFrame.Benchmarks\bin\Release\net10.0\StreamFrame.Benchmarks-Job-JTGOSM-1
// command took 13.3 sec and exited with 0
// ***** Done, took 00:00:15 (15.62 sec)   *****
// Found 36 benchmarks:
//   OneWayThroughputBenchmarks.Transfer: Job-JTGOSM(OutlierMode=DontRemove, IterationCount=10, IterationTime=250ms, LaunchCount=1, WarmupCount=3) [Framer=LengthPrefix, PayloadBytes=64, CodecMode=Bytes, Transport=DirectTcp]
//   OneWayThroughputBenchmarks.Transfer: Job-JTGOSM(OutlierMode=DontRemove, IterationCount=10, IterationTime=250ms, LaunchCount=1, WarmupCount=3) [Framer=LengthPrefix, PayloadBytes=64, CodecMode=Bytes, Transport=StreamFrame]
//   OneWayThroughputBenchmarks.Transfer: Job-JTGOSM(OutlierMode=DontRemove, IterationCount=10, IterationTime=250ms, LaunchCount=1, WarmupCount=3) [Framer=LengthPrefix, PayloadBytes=64, CodecMode=StringAlloc, Transport=DirectTcp]
//   OneWayThroughputBenchmarks.Transfer: Job-JTGOSM(OutlierMode=DontRemove, IterationCount=10, IterationTime=250ms, LaunchCount=1, WarmupCount=3) [Framer=LengthPrefix, PayloadBytes=64, CodecMode=StringAlloc, Transport=StreamFrame]
//   OneWayThroughputBenchmarks.Transfer: Job-JTGOSM(OutlierMode=DontRemove, IterationCount=10, IterationTime=250ms, LaunchCount=1, WarmupCount=3) [Framer=LengthPrefix, PayloadBytes=64, CodecMode=StringSpan, Transport=DirectTcp]
//   OneWayThroughputBenchmarks.Transfer: Job-JTGOSM(OutlierMode=DontRemove, IterationCount=10, IterationTime=250ms, LaunchCount=1, WarmupCount=3) [Framer=LengthPrefix, PayloadBytes=64, CodecMode=StringSpan, Transport=StreamFrame]
//   OneWayThroughputBenchmarks.Transfer: Job-JTGOSM(OutlierMode=DontRemove, IterationCount=10, IterationTime=250ms, LaunchCount=1, WarmupCount=3) [Framer=LengthPrefix, PayloadBytes=1024, CodecMode=Bytes, Transport=DirectTcp]
//   OneWayThroughputBenchmarks.Transfer: Job-JTGOSM(OutlierMode=DontRemove, IterationCount=10, IterationTime=250ms, LaunchCount=1, WarmupCount=3) [Framer=LengthPrefix, PayloadBytes=1024, CodecMode=Bytes, Transport=StreamFrame]
//   OneWayThroughputBenchmarks.Transfer: Job-JTGOSM(OutlierMode=DontRemove, IterationCount=10, IterationTime=250ms, LaunchCount=1, WarmupCount=3) [Framer=LengthPrefix, PayloadBytes=1024, CodecMode=StringAlloc, Transport=DirectTcp]
//   OneWayThroughputBenchmarks.Transfer: Job-JTGOSM(OutlierMode=DontRemove, IterationCount=10, IterationTime=250ms, LaunchCount=1, WarmupCount=3) [Framer=LengthPrefix, PayloadBytes=1024, CodecMode=StringAlloc, Transport=StreamFrame]
//   OneWayThroughputBenchmarks.Transfer: Job-JTGOSM(OutlierMode=DontRemove, IterationCount=10, IterationTime=250ms, LaunchCount=1, WarmupCount=3) [Framer=LengthPrefix, PayloadBytes=1024, CodecMode=StringSpan, Transport=DirectTcp]
//   OneWayThroughputBenchmarks.Transfer: Job-JTGOSM(OutlierMode=DontRemove, IterationCount=10, IterationTime=250ms, LaunchCount=1, WarmupCount=3) [Framer=LengthPrefix, PayloadBytes=1024, CodecMode=StringSpan, Transport=StreamFrame]
//   OneWayThroughputBenchmarks.Transfer: Job-JTGOSM(OutlierMode=DontRemove, IterationCount=10, IterationTime=250ms, LaunchCount=1, WarmupCount=3) [Framer=LengthPrefix, PayloadBytes=65536, CodecMode=Bytes, Transport=DirectTcp]
//   OneWayThroughputBenchmarks.Transfer: Job-JTGOSM(OutlierMode=DontRemove, IterationCount=10, IterationTime=250ms, LaunchCount=1, WarmupCount=3) [Framer=LengthPrefix, PayloadBytes=65536, CodecMode=Bytes, Transport=StreamFrame]
//   OneWayThroughputBenchmarks.Transfer: Job-JTGOSM(OutlierMode=DontRemove, IterationCount=10, IterationTime=250ms, LaunchCount=1, WarmupCount=3) [Framer=LengthPrefix, PayloadBytes=65536, CodecMode=StringAlloc, Transport=DirectTcp]
//   OneWayThroughputBenchmarks.Transfer: Job-JTGOSM(OutlierMode=DontRemove, IterationCount=10, IterationTime=250ms, LaunchCount=1, WarmupCount=3) [Framer=LengthPrefix, PayloadBytes=65536, CodecMode=StringAlloc, Transport=StreamFrame]
//   OneWayThroughputBenchmarks.Transfer: Job-JTGOSM(OutlierMode=DontRemove, IterationCount=10, IterationTime=250ms, LaunchCount=1, WarmupCount=3) [Framer=LengthPrefix, PayloadBytes=65536, CodecMode=StringSpan, Transport=DirectTcp]
//   OneWayThroughputBenchmarks.Transfer: Job-JTGOSM(OutlierMode=DontRemove, IterationCount=10, IterationTime=250ms, LaunchCount=1, WarmupCount=3) [Framer=LengthPrefix, PayloadBytes=65536, CodecMode=StringSpan, Transport=StreamFrame]
//   OneWayThroughputBenchmarks.Transfer: Job-JTGOSM(OutlierMode=DontRemove, IterationCount=10, IterationTime=250ms, LaunchCount=1, WarmupCount=3) [Framer=StxEtx, PayloadBytes=64, CodecMode=Bytes, Transport=DirectTcp]
//   OneWayThroughputBenchmarks.Transfer: Job-JTGOSM(OutlierMode=DontRemove, IterationCount=10, IterationTime=250ms, LaunchCount=1, WarmupCount=3) [Framer=StxEtx, PayloadBytes=64, CodecMode=Bytes, Transport=StreamFrame]
//   OneWayThroughputBenchmarks.Transfer: Job-JTGOSM(OutlierMode=DontRemove, IterationCount=10, IterationTime=250ms, LaunchCount=1, WarmupCount=3) [Framer=StxEtx, PayloadBytes=64, CodecMode=StringAlloc, Transport=DirectTcp]
//   OneWayThroughputBenchmarks.Transfer: Job-JTGOSM(OutlierMode=DontRemove, IterationCount=10, IterationTime=250ms, LaunchCount=1, WarmupCount=3) [Framer=StxEtx, PayloadBytes=64, CodecMode=StringAlloc, Transport=StreamFrame]
//   OneWayThroughputBenchmarks.Transfer: Job-JTGOSM(OutlierMode=DontRemove, IterationCount=10, IterationTime=250ms, LaunchCount=1, WarmupCount=3) [Framer=StxEtx, PayloadBytes=64, CodecMode=StringSpan, Transport=DirectTcp]
//   OneWayThroughputBenchmarks.Transfer: Job-JTGOSM(OutlierMode=DontRemove, IterationCount=10, IterationTime=250ms, LaunchCount=1, WarmupCount=3) [Framer=StxEtx, PayloadBytes=64, CodecMode=StringSpan, Transport=StreamFrame]
//   OneWayThroughputBenchmarks.Transfer: Job-JTGOSM(OutlierMode=DontRemove, IterationCount=10, IterationTime=250ms, LaunchCount=1, WarmupCount=3) [Framer=StxEtx, PayloadBytes=1024, CodecMode=Bytes, Transport=DirectTcp]
//   OneWayThroughputBenchmarks.Transfer: Job-JTGOSM(OutlierMode=DontRemove, IterationCount=10, IterationTime=250ms, LaunchCount=1, WarmupCount=3) [Framer=StxEtx, PayloadBytes=1024, CodecMode=Bytes, Transport=StreamFrame]
//   OneWayThroughputBenchmarks.Transfer: Job-JTGOSM(OutlierMode=DontRemove, IterationCount=10, IterationTime=250ms, LaunchCount=1, WarmupCount=3) [Framer=StxEtx, PayloadBytes=1024, CodecMode=StringAlloc, Transport=DirectTcp]
//   OneWayThroughputBenchmarks.Transfer: Job-JTGOSM(OutlierMode=DontRemove, IterationCount=10, IterationTime=250ms, LaunchCount=1, WarmupCount=3) [Framer=StxEtx, PayloadBytes=1024, CodecMode=StringAlloc, Transport=StreamFrame]
//   OneWayThroughputBenchmarks.Transfer: Job-JTGOSM(OutlierMode=DontRemove, IterationCount=10, IterationTime=250ms, LaunchCount=1, WarmupCount=3) [Framer=StxEtx, PayloadBytes=1024, CodecMode=StringSpan, Transport=DirectTcp]
//   OneWayThroughputBenchmarks.Transfer: Job-JTGOSM(OutlierMode=DontRemove, IterationCount=10, IterationTime=250ms, LaunchCount=1, WarmupCount=3) [Framer=StxEtx, PayloadBytes=1024, CodecMode=StringSpan, Transport=StreamFrame]
//   OneWayThroughputBenchmarks.Transfer: Job-JTGOSM(OutlierMode=DontRemove, IterationCount=10, IterationTime=250ms, LaunchCount=1, WarmupCount=3) [Framer=StxEtx, PayloadBytes=65536, CodecMode=Bytes, Transport=DirectTcp]
//   OneWayThroughputBenchmarks.Transfer: Job-JTGOSM(OutlierMode=DontRemove, IterationCount=10, IterationTime=250ms, LaunchCount=1, WarmupCount=3) [Framer=StxEtx, PayloadBytes=65536, CodecMode=Bytes, Transport=StreamFrame]
//   OneWayThroughputBenchmarks.Transfer: Job-JTGOSM(OutlierMode=DontRemove, IterationCount=10, IterationTime=250ms, LaunchCount=1, WarmupCount=3) [Framer=StxEtx, PayloadBytes=65536, CodecMode=StringAlloc, Transport=DirectTcp]
//   OneWayThroughputBenchmarks.Transfer: Job-JTGOSM(OutlierMode=DontRemove, IterationCount=10, IterationTime=250ms, LaunchCount=1, WarmupCount=3) [Framer=StxEtx, PayloadBytes=65536, CodecMode=StringAlloc, Transport=StreamFrame]
//   OneWayThroughputBenchmarks.Transfer: Job-JTGOSM(OutlierMode=DontRemove, IterationCount=10, IterationTime=250ms, LaunchCount=1, WarmupCount=3) [Framer=StxEtx, PayloadBytes=65536, CodecMode=StringSpan, Transport=DirectTcp]
//   OneWayThroughputBenchmarks.Transfer: Job-JTGOSM(OutlierMode=DontRemove, IterationCount=10, IterationTime=250ms, LaunchCount=1, WarmupCount=3) [Framer=StxEtx, PayloadBytes=65536, CodecMode=StringSpan, Transport=StreamFrame]

Setup power plan (GUID: 8c5e7fda-e8bf-4a96-9a85-a6e23a8c635c FriendlyName: 高性能)
// **************************
// Benchmark: OneWayThroughputBenchmarks.Transfer: Job-JTGOSM(OutlierMode=DontRemove, IterationCount=10, IterationTime=250ms, LaunchCount=1, WarmupCount=3) [Framer=LengthPrefix, PayloadBytes=64, CodecMode=Bytes, Transport=DirectTcp]
// *** Execute ***
// Launch: 1 / 1
// Execute: dotnet StreamFrame.Benchmarks-Job-JTGOSM-1.dll --anonymousPipes 1440 1456 --benchmarkName "StreamFrame.Benchmarks.OneWayThroughputBenchmarks.Transfer(Framer: \"LengthPrefix\", PayloadBytes: 64, CodecMode: \"Bytes\", Transport: \"DirectTcp\")" --job "OutlierMode=DontRemove, IterationCount=10, IterationTime=250ms, LaunchCount=1, WarmupCount=3" --benchmarkId 0 in C:\Users\Marci\.codex\worktrees\03bd\StreamFrame\bench\StreamFrame.Benchmarks\bin\Release\net10.0\StreamFrame.Benchmarks-Job-JTGOSM-1\bin\Release\net10.0
// BeforeAnythingElse

// Benchmark Process Environment Information:
// BenchmarkDotNet v0.15.8
// Runtime=.NET 10.0.11 (10.0.11, 10.0.1126.37416), X64 RyuJIT x86-64-v3
// GC=Concurrent Workstation
// HardwareIntrinsics=AVX2+BMI1+BMI2+F16C+FMA+LZCNT+MOVBE,AVX,SSE3+SSSE3+SSE4.1+SSE4.2+POPCNT,X86Base+SSE+SSE2,AES+PCLMUL VectorSize=256
// Job: Job-JTGOSM(OutlierMode=DontRemove, IterationCount=10, IterationTime=250ms, LaunchCount=1, WarmupCount=3)

Direct TCP socket: receive=65536, send=65536, NoDelay=False, KeepAlive=false
Direct TCP socket: receive=65536, send=65536, NoDelay=False, KeepAlive=false
OverheadJitting  1: 256 op, 136900.00 ns, 534.7656 ns/op
WorkloadJitting  1: 256 op, 8792100.00 ns, 34.3441 us/op

OverheadJitting  2: 4096 op, 247500.00 ns, 60.4248 ns/op
WorkloadJitting  2: 4096 op, 57465700.00 ns, 14.0297 us/op

WorkloadPilot    1: 4096 op, 51943100.00 ns, 12.6814 us/op
WorkloadPilot    2: 20480 op, 550054200.00 ns, 26.8581 us/op
WorkloadPilot    3: 12288 op, 166408700.00 ns, 13.5424 us/op
WorkloadPilot    4: 20480 op, 258649600.00 ns, 12.6294 us/op

OverheadWarmup   1: 20480 op, 2500.00 ns, 0.1221 ns/op
OverheadWarmup   2: 20480 op, 1000.00 ns, 0.0488 ns/op
OverheadWarmup   3: 20480 op, 1000.00 ns, 0.0488 ns/op
OverheadWarmup   4: 20480 op, 700.00 ns, 0.0342 ns/op
OverheadWarmup   5: 20480 op, 800.00 ns, 0.0391 ns/op
OverheadWarmup   6: 20480 op, 600.00 ns, 0.0293 ns/op

OverheadActual   1: 20480 op, 1000.00 ns, 0.0488 ns/op
OverheadActual   2: 20480 op, 1400.00 ns, 0.0684 ns/op
OverheadActual   3: 20480 op, 1500.00 ns, 0.0732 ns/op
OverheadActual   4: 20480 op, 1800.00 ns, 0.0879 ns/op
OverheadActual   5: 20480 op, 800.00 ns, 0.0391 ns/op
OverheadActual   6: 20480 op, 1100.00 ns, 0.0537 ns/op
OverheadActual   7: 20480 op, 1000.00 ns, 0.0488 ns/op
OverheadActual   8: 20480 op, 800.00 ns, 0.0391 ns/op
OverheadActual   9: 20480 op, 1300.00 ns, 0.0635 ns/op
OverheadActual  10: 20480 op, 2000.00 ns, 0.0977 ns/op
OverheadActual  11: 20480 op, 1200.00 ns, 0.0586 ns/op
OverheadActual  12: 20480 op, 900.00 ns, 0.0439 ns/op
OverheadActual  13: 20480 op, 800.00 ns, 0.0391 ns/op
OverheadActual  14: 20480 op, 1000.00 ns, 0.0488 ns/op
OverheadActual  15: 20480 op, 1200.00 ns, 0.0586 ns/op
OverheadActual  16: 20480 op, 1000.00 ns, 0.0488 ns/op
OverheadActual  17: 20480 op, 1500.00 ns, 0.0732 ns/op
OverheadActual  18: 20480 op, 12800.00 ns, 0.6250 ns/op
OverheadActual  19: 20480 op, 900.00 ns, 0.0439 ns/op
OverheadActual  20: 20480 op, 1000.00 ns, 0.0488 ns/op

WorkloadWarmup   1: 20480 op, 253936400.00 ns, 12.3992 us/op
WorkloadWarmup   2: 20480 op, 585127300.00 ns, 28.5707 us/op
WorkloadWarmup   3: 20480 op, 226142600.00 ns, 11.0421 us/op

// BeforeActualRun
WorkloadActual   1: 20480 op, 830148100.00 ns, 40.5346 us/op
WorkloadActual   2: 20480 op, 223636300.00 ns, 10.9197 us/op
WorkloadActual   3: 20480 op, 237283200.00 ns, 11.5861 us/op
WorkloadActual   4: 20480 op, 218575900.00 ns, 10.6727 us/op
WorkloadActual   5: 20480 op, 527541800.00 ns, 25.7589 us/op
WorkloadActual   6: 20480 op, 212225700.00 ns, 10.3626 us/op
WorkloadActual   7: 20480 op, 236381900.00 ns, 11.5421 us/op
WorkloadActual   8: 20480 op, 536879800.00 ns, 26.2148 us/op
WorkloadActual   9: 20480 op, 232000100.00 ns, 11.3281 us/op
WorkloadActual  10: 20480 op, 548395900.00 ns, 26.7771 us/op

// AfterActualRun
WorkloadResult   1: 20480 op, 830147050.00 ns, 40.5345 us/op
WorkloadResult   2: 20480 op, 223635250.00 ns, 10.9197 us/op
WorkloadResult   3: 20480 op, 237282150.00 ns, 11.5860 us/op
WorkloadResult   4: 20480 op, 218574850.00 ns, 10.6726 us/op
WorkloadResult   5: 20480 op, 527540750.00 ns, 25.7588 us/op
WorkloadResult   6: 20480 op, 212224650.00 ns, 10.3625 us/op
WorkloadResult   7: 20480 op, 236380850.00 ns, 11.5420 us/op
WorkloadResult   8: 20480 op, 536878750.00 ns, 26.2148 us/op
WorkloadResult   9: 20480 op, 231999050.00 ns, 11.3281 us/op
WorkloadResult  10: 20480 op, 548394850.00 ns, 26.7771 us/op
// GC:  0 0 0 4224136 20480
// Threading:  13297 0 20480

// AfterAll
// Benchmark Process 4916 has exited with code 0.

Mean = 18.570 μs, StdErr = 3.331 μs (17.94%), N = 10, StdDev = 10.535 μs
Min = 10.363 μs, Q1 = 11.022 μs, Median = 11.564 μs, Q3 = 26.101 μs, Max = 40.535 μs
IQR = 15.079 μs, LowerFence = -11.597 μs, UpperFence = 48.719 μs
ConfidenceInterval = [2.643 μs; 34.496 μs] (CI 99.9%), Margin = 15.927 μs (85.77% of Mean)
Skewness = 0.8, Kurtosis = 2.13, MValue = 2

// ** Remained 35 (97.2%) benchmark(s) to run. Estimated finish 2026-09-08 18:11 (0h 3m from now) **
Setup power plan (GUID: 8c5e7fda-e8bf-4a96-9a85-a6e23a8c635c FriendlyName: 高性能)
// **************************
// Benchmark: OneWayThroughputBenchmarks.Transfer: Job-JTGOSM(OutlierMode=DontRemove, IterationCount=10, IterationTime=250ms, LaunchCount=1, WarmupCount=3) [Framer=LengthPrefix, PayloadBytes=64, CodecMode=Bytes, Transport=StreamFrame]
// *** Execute ***
// Launch: 1 / 1
// Execute: dotnet StreamFrame.Benchmarks-Job-JTGOSM-1.dll --anonymousPipes 1216 1184 --benchmarkName "StreamFrame.Benchmarks.OneWayThroughputBenchmarks.Transfer(Framer: \"LengthPrefix\", PayloadBytes: 64, CodecMode: \"Bytes\", Transport: \"StreamFrame\")" --job "OutlierMode=DontRemove, IterationCount=10, IterationTime=250ms, LaunchCount=1, WarmupCount=3" --benchmarkId 1 in C:\Users\Marci\.codex\worktrees\03bd\StreamFrame\bench\StreamFrame.Benchmarks\bin\Release\net10.0\StreamFrame.Benchmarks-Job-JTGOSM-1\bin\Release\net10.0
// BeforeAnythingElse

// Benchmark Process Environment Information:
// BenchmarkDotNet v0.15.8
// Runtime=.NET 10.0.11 (10.0.11, 10.0.1126.37416), X64 RyuJIT x86-64-v3
// GC=Concurrent Workstation
// HardwareIntrinsics=AVX2+BMI1+BMI2+F16C+FMA+LZCNT+MOVBE,AVX,SSE3+SSSE3+SSE4.1+SSE4.2+POPCNT,X86Base+SSE+SSE2,AES+PCLMUL VectorSize=256
// Job: Job-JTGOSM(OutlierMode=DontRemove, IterationCount=10, IterationTime=250ms, LaunchCount=1, WarmupCount=3)

StreamFrame socket: receive=65536, send=65536, NoDelay=False, KeepAlive=0
StreamFrame socket: receive=65536, send=65536, NoDelay=False, KeepAlive=0
OverheadJitting  1: 256 op, 157600.00 ns, 615.6250 ns/op
WorkloadJitting  1: 256 op, 17584900.00 ns, 68.6910 us/op

WorkloadPilot    1: 1024 op, 16442500.00 ns, 16.0571 us/op
WorkloadPilot    2: 15616 op, 280294200.00 ns, 17.9492 us/op
WorkloadPilot    3: 13824 op, 530671000.00 ns, 38.3877 us/op
WorkloadPilot    4: 6400 op, 145902100.00 ns, 22.7972 us/op
WorkloadPilot    5: 11008 op, 201195200.00 ns, 18.2772 us/op
WorkloadPilot    6: 13568 op, 206053800.00 ns, 15.1867 us/op
WorkloadPilot    7: 16384 op, 839376800.00 ns, 51.2315 us/op

WorkloadWarmup   1: 16384 op, 199256600.00 ns, 12.1617 us/op
WorkloadWarmup   2: 16384 op, 195041500.00 ns, 11.9044 us/op
WorkloadWarmup   3: 16384 op, 205457300.00 ns, 12.5401 us/op

// BeforeActualRun
WorkloadActual   1: 16384 op, 516844100.00 ns, 31.5457 us/op
WorkloadActual   2: 16384 op, 802681500.00 ns, 48.9918 us/op
WorkloadActual   3: 16384 op, 207791800.00 ns, 12.6826 us/op
WorkloadActual   4: 16384 op, 199354000.00 ns, 12.1676 us/op
WorkloadActual   5: 16384 op, 202515000.00 ns, 12.3605 us/op
WorkloadActual   6: 16384 op, 513999900.00 ns, 31.3721 us/op
WorkloadActual   7: 16384 op, 206599900.00 ns, 12.6099 us/op
WorkloadActual   8: 16384 op, 500389800.00 ns, 30.5414 us/op
WorkloadActual   9: 16384 op, 504412700.00 ns, 30.7869 us/op
WorkloadActual  10: 16384 op, 193054400.00 ns, 11.7831 us/op

// AfterActualRun
WorkloadResult   1: 16384 op, 516844100.00 ns, 31.5457 us/op
WorkloadResult   2: 16384 op, 802681500.00 ns, 48.9918 us/op
WorkloadResult   3: 16384 op, 207791800.00 ns, 12.6826 us/op
WorkloadResult   4: 16384 op, 199354000.00 ns, 12.1676 us/op
WorkloadResult   5: 16384 op, 202515000.00 ns, 12.3605 us/op
WorkloadResult   6: 16384 op, 513999900.00 ns, 31.3721 us/op
WorkloadResult   7: 16384 op, 206599900.00 ns, 12.6099 us/op
WorkloadResult   8: 16384 op, 500389800.00 ns, 30.5414 us/op
WorkloadResult   9: 16384 op, 504412700.00 ns, 30.7869 us/op
WorkloadResult  10: 16384 op, 193054400.00 ns, 11.7831 us/op
// GC:  1 0 0 10312360 16384
// Threading:  37444 2 16384

// AfterAll
// Benchmark Process 40788 has exited with code 0.

Mean = 23.484 μs, StdErr = 4.089 μs (17.41%), N = 10, StdDev = 12.930 μs
Min = 11.783 μs, Q1 = 12.423 μs, Median = 21.612 μs, Q3 = 31.226 μs, Max = 48.992 μs
IQR = 18.803 μs, LowerFence = -15.781 μs, UpperFence = 59.430 μs
ConfidenceInterval = [3.936 μs; 43.032 μs] (CI 99.9%), Margin = 19.548 μs (83.24% of Mean)
Skewness = 0.53, Kurtosis = 1.84, MValue = 2

// ** Remained 34 (94.4%) benchmark(s) to run. Estimated finish 2026-09-08 18:11 (0h 3m from now) **
Setup power plan (GUID: 8c5e7fda-e8bf-4a96-9a85-a6e23a8c635c FriendlyName: 高性能)
// **************************
// Benchmark: OneWayThroughputBenchmarks.Transfer: Job-JTGOSM(OutlierMode=DontRemove, IterationCount=10, IterationTime=250ms, LaunchCount=1, WarmupCount=3) [Framer=LengthPrefix, PayloadBytes=64, CodecMode=StringAlloc, Transport=DirectTcp]
// *** Execute ***
// Launch: 1 / 1
// Execute: dotnet StreamFrame.Benchmarks-Job-JTGOSM-1.dll --anonymousPipes 1072 1180 --benchmarkName "StreamFrame.Benchmarks.OneWayThroughputBenchmarks.Transfer(Framer: \"LengthPrefix\", PayloadBytes: 64, CodecMode: \"StringAlloc\", Transport: \"DirectTcp\")" --job "OutlierMode=DontRemove, IterationCount=10, IterationTime=250ms, LaunchCount=1, WarmupCount=3" --benchmarkId 2 in C:\Users\Marci\.codex\worktrees\03bd\StreamFrame\bench\StreamFrame.Benchmarks\bin\Release\net10.0\StreamFrame.Benchmarks-Job-JTGOSM-1\bin\Release\net10.0
// BeforeAnythingElse

// Benchmark Process Environment Information:
// BenchmarkDotNet v0.15.8
// Runtime=.NET 10.0.11 (10.0.11, 10.0.1126.37416), X64 RyuJIT x86-64-v3
// GC=Concurrent Workstation
// HardwareIntrinsics=AVX2+BMI1+BMI2+F16C+FMA+LZCNT+MOVBE,AVX,SSE3+SSSE3+SSE4.1+SSE4.2+POPCNT,X86Base+SSE+SSE2,AES+PCLMUL VectorSize=256
// Job: Job-JTGOSM(OutlierMode=DontRemove, IterationCount=10, IterationTime=250ms, LaunchCount=1, WarmupCount=3)

Direct TCP socket: receive=65536, send=65536, NoDelay=False, KeepAlive=false
Direct TCP socket: receive=65536, send=65536, NoDelay=False, KeepAlive=false
OverheadJitting  1: 256 op, 144300.00 ns, 563.6719 ns/op
WorkloadJitting  1: 256 op, 9511100.00 ns, 37.1527 us/op

OverheadJitting  2: 4096 op, 229400.00 ns, 56.0059 ns/op
WorkloadJitting  2: 4096 op, 55512800.00 ns, 13.5529 us/op

WorkloadPilot    1: 4096 op, 52463000.00 ns, 12.8083 us/op
WorkloadPilot    2: 20480 op, 282483500.00 ns, 13.7931 us/op

OverheadWarmup   1: 20480 op, 1000.00 ns, 0.0488 ns/op
OverheadWarmup   2: 20480 op, 600.00 ns, 0.0293 ns/op
OverheadWarmup   3: 20480 op, 600.00 ns, 0.0293 ns/op
OverheadWarmup   4: 20480 op, 500.00 ns, 0.0244 ns/op
OverheadWarmup   5: 20480 op, 400.00 ns, 0.0195 ns/op
OverheadWarmup   6: 20480 op, 500.00 ns, 0.0244 ns/op
OverheadWarmup   7: 20480 op, 500.00 ns, 0.0244 ns/op

OverheadActual   1: 20480 op, 700.00 ns, 0.0342 ns/op
OverheadActual   2: 20480 op, 700.00 ns, 0.0342 ns/op
OverheadActual   3: 20480 op, 800.00 ns, 0.0391 ns/op
OverheadActual   4: 20480 op, 700.00 ns, 0.0342 ns/op
OverheadActual   5: 20480 op, 600.00 ns, 0.0293 ns/op
OverheadActual   6: 20480 op, 800.00 ns, 0.0391 ns/op
OverheadActual   7: 20480 op, 700.00 ns, 0.0342 ns/op
OverheadActual   8: 20480 op, 800.00 ns, 0.0391 ns/op
OverheadActual   9: 20480 op, 600.00 ns, 0.0293 ns/op
OverheadActual  10: 20480 op, 600.00 ns, 0.0293 ns/op
OverheadActual  11: 20480 op, 500.00 ns, 0.0244 ns/op
OverheadActual  12: 20480 op, 500.00 ns, 0.0244 ns/op
OverheadActual  13: 20480 op, 500.00 ns, 0.0244 ns/op
OverheadActual  14: 20480 op, 400.00 ns, 0.0195 ns/op
OverheadActual  15: 20480 op, 600.00 ns, 0.0293 ns/op
OverheadActual  16: 20480 op, 500.00 ns, 0.0244 ns/op
OverheadActual  17: 20480 op, 500.00 ns, 0.0244 ns/op
OverheadActual  18: 20480 op, 500.00 ns, 0.0244 ns/op
OverheadActual  19: 20480 op, 500.00 ns, 0.0244 ns/op
OverheadActual  20: 20480 op, 500.00 ns, 0.0244 ns/op

WorkloadWarmup   1: 20480 op, 286262600.00 ns, 13.9777 us/op
WorkloadWarmup   2: 20480 op, 273164700.00 ns, 13.3381 us/op
WorkloadWarmup   3: 20480 op, 555152000.00 ns, 27.1070 us/op

// BeforeActualRun
WorkloadActual   1: 20480 op, 567246200.00 ns, 27.6976 us/op
WorkloadActual   2: 20480 op, 547656200.00 ns, 26.7410 us/op
WorkloadActual   3: 20480 op, 241907600.00 ns, 11.8119 us/op
WorkloadActual   4: 20480 op, 242513400.00 ns, 11.8415 us/op
WorkloadActual   5: 20480 op, 239619000.00 ns, 11.7001 us/op
WorkloadActual   6: 20480 op, 551928100.00 ns, 26.9496 us/op
WorkloadActual   7: 20480 op, 241392400.00 ns, 11.7867 us/op
WorkloadActual   8: 20480 op, 542018400.00 ns, 26.4657 us/op
WorkloadActual   9: 20480 op, 515039300.00 ns, 25.1484 us/op
WorkloadActual  10: 20480 op, 544993500.00 ns, 26.6110 us/op

// AfterActualRun
WorkloadResult   1: 20480 op, 567245600.00 ns, 27.6975 us/op
WorkloadResult   2: 20480 op, 547655600.00 ns, 26.7410 us/op
WorkloadResult   3: 20480 op, 241907000.00 ns, 11.8119 us/op
WorkloadResult   4: 20480 op, 242512800.00 ns, 11.8414 us/op
WorkloadResult   5: 20480 op, 239618400.00 ns, 11.7001 us/op
WorkloadResult   6: 20480 op, 551927500.00 ns, 26.9496 us/op
WorkloadResult   7: 20480 op, 241391800.00 ns, 11.7867 us/op
WorkloadResult   8: 20480 op, 542017800.00 ns, 26.4657 us/op
WorkloadResult   9: 20480 op, 515038700.00 ns, 25.1484 us/op
WorkloadResult  10: 20480 op, 544992900.00 ns, 26.6110 us/op
// GC:  0 0 0 7340904 20480
// Threading:  13328 0 20480

// AfterAll
// Benchmark Process 57012 has exited with code 0.

Mean = 20.675 μs, StdErr = 2.428 μs (11.74%), N = 10, StdDev = 7.677 μs
Min = 11.700 μs, Q1 = 11.819 μs, Median = 25.807 μs, Q3 = 26.708 μs, Max = 27.698 μs
IQR = 14.889 μs, LowerFence = -10.515 μs, UpperFence = 49.042 μs
ConfidenceInterval = [9.069 μs; 32.282 μs] (CI 99.9%), Margin = 11.606 μs (56.14% of Mean)
Skewness = -0.33, Kurtosis = 0.95, MValue = 3.33

// ** Remained 33 (91.7%) benchmark(s) to run. Estimated finish 2026-09-08 18:11 (0h 3m from now) **
Setup power plan (GUID: 8c5e7fda-e8bf-4a96-9a85-a6e23a8c635c FriendlyName: 高性能)
// **************************
// Benchmark: OneWayThroughputBenchmarks.Transfer: Job-JTGOSM(OutlierMode=DontRemove, IterationCount=10, IterationTime=250ms, LaunchCount=1, WarmupCount=3) [Framer=LengthPrefix, PayloadBytes=64, CodecMode=StringAlloc, Transport=StreamFrame]
// *** Execute ***
// Launch: 1 / 1
// Execute: dotnet StreamFrame.Benchmarks-Job-JTGOSM-1.dll --anonymousPipes 1372 960 --benchmarkName "StreamFrame.Benchmarks.OneWayThroughputBenchmarks.Transfer(Framer: \"LengthPrefix\", PayloadBytes: 64, CodecMode: \"StringAlloc\", Transport: \"StreamFrame\")" --job "OutlierMode=DontRemove, IterationCount=10, IterationTime=250ms, LaunchCount=1, WarmupCount=3" --benchmarkId 3 in C:\Users\Marci\.codex\worktrees\03bd\StreamFrame\bench\StreamFrame.Benchmarks\bin\Release\net10.0\StreamFrame.Benchmarks-Job-JTGOSM-1\bin\Release\net10.0
// BeforeAnythingElse

// Benchmark Process Environment Information:
// BenchmarkDotNet v0.15.8
// Runtime=.NET 10.0.11 (10.0.11, 10.0.1126.37416), X64 RyuJIT x86-64-v3
// GC=Concurrent Workstation
// HardwareIntrinsics=AVX2+BMI1+BMI2+F16C+FMA+LZCNT+MOVBE,AVX,SSE3+SSSE3+SSE4.1+SSE4.2+POPCNT,X86Base+SSE+SSE2,AES+PCLMUL VectorSize=256
// Job: Job-JTGOSM(OutlierMode=DontRemove, IterationCount=10, IterationTime=250ms, LaunchCount=1, WarmupCount=3)

StreamFrame socket: receive=65536, send=65536, NoDelay=False, KeepAlive=0
StreamFrame socket: receive=65536, send=65536, NoDelay=False, KeepAlive=0
OverheadJitting  1: 256 op, 204600.00 ns, 799.2188 ns/op
WorkloadJitting  1: 256 op, 21302500.00 ns, 83.2129 us/op

WorkloadPilot    1: 1024 op, 15465600.00 ns, 15.1031 us/op
WorkloadPilot    2: 16640 op, 592585000.00 ns, 35.6121 us/op
WorkloadPilot    3: 6912 op, 102926400.00 ns, 14.8910 us/op
WorkloadPilot    4: 16896 op, 296620900.00 ns, 17.5557 us/op
WorkloadPilot    5: 14336 op, 818993100.00 ns, 57.1284 us/op

WorkloadWarmup   1: 14336 op, 193988800.00 ns, 13.5316 us/op
WorkloadWarmup   2: 14336 op, 195373100.00 ns, 13.6281 us/op
WorkloadWarmup   3: 14336 op, 501870900.00 ns, 35.0077 us/op

// BeforeActualRun
WorkloadActual   1: 14336 op, 170468100.00 ns, 11.8909 us/op
WorkloadActual   2: 14336 op, 179573700.00 ns, 12.5261 us/op
WorkloadActual   3: 14336 op, 780793500.00 ns, 54.4638 us/op
WorkloadActual   4: 14336 op, 178038400.00 ns, 12.4190 us/op
WorkloadActual   5: 14336 op, 189527400.00 ns, 13.2204 us/op
WorkloadActual   6: 14336 op, 460825200.00 ns, 32.1446 us/op
WorkloadActual   7: 14336 op, 173280600.00 ns, 12.0871 us/op
WorkloadActual   8: 14336 op, 510913100.00 ns, 35.6385 us/op
WorkloadActual   9: 14336 op, 191486000.00 ns, 13.3570 us/op
WorkloadActual  10: 14336 op, 182229600.00 ns, 12.7113 us/op

// AfterActualRun
WorkloadResult   1: 14336 op, 170468100.00 ns, 11.8909 us/op
WorkloadResult   2: 14336 op, 179573700.00 ns, 12.5261 us/op
WorkloadResult   3: 14336 op, 780793500.00 ns, 54.4638 us/op
WorkloadResult   4: 14336 op, 178038400.00 ns, 12.4190 us/op
WorkloadResult   5: 14336 op, 189527400.00 ns, 13.2204 us/op
WorkloadResult   6: 14336 op, 460825200.00 ns, 32.1446 us/op
WorkloadResult   7: 14336 op, 173280600.00 ns, 12.0871 us/op
WorkloadResult   8: 14336 op, 510913100.00 ns, 35.6385 us/op
WorkloadResult   9: 14336 op, 191486000.00 ns, 13.3570 us/op
WorkloadResult  10: 14336 op, 182229600.00 ns, 12.7113 us/op
// GC:  1 0 0 11610392 14336
// Threading:  34491 1 14336

// AfterAll
// Benchmark Process 29484 has exited with code 0.

Mean = 21.046 μs, StdErr = 4.659 μs (22.14%), N = 10, StdDev = 14.734 μs
Min = 11.891 μs, Q1 = 12.446 μs, Median = 12.966 μs, Q3 = 27.448 μs, Max = 54.464 μs
IQR = 15.002 μs, LowerFence = -10.057 μs, UpperFence = 49.951 μs
ConfidenceInterval = [-1.230 μs; 43.321 μs] (CI 99.9%), Margin = 22.276 μs (105.84% of Mean)
Skewness = 1.17, Kurtosis = 2.85, MValue = 2.57

// ** Remained 32 (88.9%) benchmark(s) to run. Estimated finish 2026-09-08 18:11 (0h 3m from now) **
Setup power plan (GUID: 8c5e7fda-e8bf-4a96-9a85-a6e23a8c635c FriendlyName: 高性能)
// **************************
// Benchmark: OneWayThroughputBenchmarks.Transfer: Job-JTGOSM(OutlierMode=DontRemove, IterationCount=10, IterationTime=250ms, LaunchCount=1, WarmupCount=3) [Framer=LengthPrefix, PayloadBytes=64, CodecMode=StringSpan, Transport=DirectTcp]
// *** Execute ***
// Launch: 1 / 1
// Execute: dotnet StreamFrame.Benchmarks-Job-JTGOSM-1.dll --anonymousPipes 1056 1388 --benchmarkName "StreamFrame.Benchmarks.OneWayThroughputBenchmarks.Transfer(Framer: \"LengthPrefix\", PayloadBytes: 64, CodecMode: \"StringSpan\", Transport: \"DirectTcp\")" --job "OutlierMode=DontRemove, IterationCount=10, IterationTime=250ms, LaunchCount=1, WarmupCount=3" --benchmarkId 4 in C:\Users\Marci\.codex\worktrees\03bd\StreamFrame\bench\StreamFrame.Benchmarks\bin\Release\net10.0\StreamFrame.Benchmarks-Job-JTGOSM-1\bin\Release\net10.0
// BeforeAnythingElse

// Benchmark Process Environment Information:
// BenchmarkDotNet v0.15.8
// Runtime=.NET 10.0.11 (10.0.11, 10.0.1126.37416), X64 RyuJIT x86-64-v3
// GC=Concurrent Workstation
// HardwareIntrinsics=AVX2+BMI1+BMI2+F16C+FMA+LZCNT+MOVBE,AVX,SSE3+SSSE3+SSE4.1+SSE4.2+POPCNT,X86Base+SSE+SSE2,AES+PCLMUL VectorSize=256
// Job: Job-JTGOSM(OutlierMode=DontRemove, IterationCount=10, IterationTime=250ms, LaunchCount=1, WarmupCount=3)

Direct TCP socket: receive=65536, send=65536, NoDelay=False, KeepAlive=false
Direct TCP socket: receive=65536, send=65536, NoDelay=False, KeepAlive=false
OverheadJitting  1: 256 op, 122900.00 ns, 480.0781 ns/op
WorkloadJitting  1: 256 op, 8956700.00 ns, 34.9871 us/op

OverheadJitting  2: 4096 op, 259000.00 ns, 63.2324 ns/op
WorkloadJitting  2: 4096 op, 51125000.00 ns, 12.4817 us/op

WorkloadPilot    1: 4096 op, 48674200.00 ns, 11.8833 us/op
WorkloadPilot    2: 24576 op, 308025900.00 ns, 12.5336 us/op
WorkloadPilot    3: 20480 op, 597384700.00 ns, 29.1692 us/op
WorkloadPilot    4: 12288 op, 443822400.00 ns, 36.1184 us/op

OverheadWarmup   1: 12288 op, 2900.00 ns, 0.2360 ns/op
OverheadWarmup   2: 12288 op, 800.00 ns, 0.0651 ns/op
OverheadWarmup   3: 12288 op, 700.00 ns, 0.0570 ns/op
OverheadWarmup   4: 12288 op, 700.00 ns, 0.0570 ns/op
OverheadWarmup   5: 12288 op, 700.00 ns, 0.0570 ns/op
OverheadWarmup   6: 12288 op, 1000.00 ns, 0.0814 ns/op
OverheadWarmup   7: 12288 op, 1100.00 ns, 0.0895 ns/op
OverheadWarmup   8: 12288 op, 600.00 ns, 0.0488 ns/op

OverheadActual   1: 12288 op, 900.00 ns, 0.0732 ns/op
OverheadActual   2: 12288 op, 600.00 ns, 0.0488 ns/op
OverheadActual   3: 12288 op, 1200.00 ns, 0.0977 ns/op
OverheadActual   4: 12288 op, 800.00 ns, 0.0651 ns/op
OverheadActual   5: 12288 op, 700.00 ns, 0.0570 ns/op
OverheadActual   6: 12288 op, 600.00 ns, 0.0488 ns/op
OverheadActual   7: 12288 op, 500.00 ns, 0.0407 ns/op
OverheadActual   8: 12288 op, 600.00 ns, 0.0488 ns/op
OverheadActual   9: 12288 op, 500.00 ns, 0.0407 ns/op
OverheadActual  10: 12288 op, 500.00 ns, 0.0407 ns/op
OverheadActual  11: 12288 op, 500.00 ns, 0.0407 ns/op
OverheadActual  12: 12288 op, 500.00 ns, 0.0407 ns/op
OverheadActual  13: 12288 op, 600.00 ns, 0.0488 ns/op
OverheadActual  14: 12288 op, 600.00 ns, 0.0488 ns/op
OverheadActual  15: 12288 op, 600.00 ns, 0.0488 ns/op
OverheadActual  16: 12288 op, 800.00 ns, 0.0651 ns/op
OverheadActual  17: 12288 op, 1200.00 ns, 0.0977 ns/op
OverheadActual  18: 12288 op, 800.00 ns, 0.0651 ns/op
OverheadActual  19: 12288 op, 600.00 ns, 0.0488 ns/op
OverheadActual  20: 12288 op, 500.00 ns, 0.0407 ns/op

WorkloadWarmup   1: 12288 op, 139571500.00 ns, 11.3584 us/op
WorkloadWarmup   2: 12288 op, 128286400.00 ns, 10.4400 us/op
WorkloadWarmup   3: 12288 op, 138704100.00 ns, 11.2878 us/op

// BeforeActualRun
WorkloadActual   1: 12288 op, 132359400.00 ns, 10.7714 us/op
WorkloadActual   2: 12288 op, 138108500.00 ns, 11.2393 us/op
WorkloadActual   3: 12288 op, 137578300.00 ns, 11.1962 us/op
WorkloadActual   4: 12288 op, 136579000.00 ns, 11.1148 us/op
WorkloadActual   5: 12288 op, 434835500.00 ns, 35.3870 us/op
WorkloadActual   6: 12288 op, 453090200.00 ns, 36.8726 us/op
WorkloadActual   7: 12288 op, 138853200.00 ns, 11.2999 us/op
WorkloadActual   8: 12288 op, 140947300.00 ns, 11.4703 us/op
WorkloadActual   9: 12288 op, 125248100.00 ns, 10.1927 us/op
WorkloadActual  10: 12288 op, 148834900.00 ns, 12.1122 us/op

// AfterActualRun
WorkloadResult   1: 12288 op, 132358800.00 ns, 10.7714 us/op
WorkloadResult   2: 12288 op, 138107900.00 ns, 11.2392 us/op
WorkloadResult   3: 12288 op, 137577700.00 ns, 11.1961 us/op
WorkloadResult   4: 12288 op, 136578400.00 ns, 11.1148 us/op
WorkloadResult   5: 12288 op, 434834900.00 ns, 35.3870 us/op
WorkloadResult   6: 12288 op, 453089600.00 ns, 36.8725 us/op
WorkloadResult   7: 12288 op, 138852600.00 ns, 11.2999 us/op
WorkloadResult   8: 12288 op, 140946700.00 ns, 11.4703 us/op
WorkloadResult   9: 12288 op, 125247500.00 ns, 10.1927 us/op
WorkloadResult  10: 12288 op, 148834300.00 ns, 12.1122 us/op
// GC:  0 0 0 3091448 12288
// Threading:  6177 0 12288

// AfterAll
// Benchmark Process 29116 has exited with code 0.

Mean = 16.166 μs, StdErr = 3.333 μs (20.62%), N = 10, StdDev = 10.539 μs
Min = 10.193 μs, Q1 = 11.135 μs, Median = 11.270 μs, Q3 = 11.952 μs, Max = 36.873 μs
IQR = 0.817 μs, LowerFence = 9.910 μs, UpperFence = 13.177 μs
ConfidenceInterval = [0.232 μs; 32.099 μs] (CI 99.9%), Margin = 15.933 μs (98.56% of Mean)
Skewness = 1.28, Kurtosis = 2.64, MValue = 2.33

// ** Remained 31 (86.1%) benchmark(s) to run. Estimated finish 2026-09-08 18:10 (0h 3m from now) **
Setup power plan (GUID: 8c5e7fda-e8bf-4a96-9a85-a6e23a8c635c FriendlyName: 高性能)
// **************************
// Benchmark: OneWayThroughputBenchmarks.Transfer: Job-JTGOSM(OutlierMode=DontRemove, IterationCount=10, IterationTime=250ms, LaunchCount=1, WarmupCount=3) [Framer=LengthPrefix, PayloadBytes=64, CodecMode=StringSpan, Transport=StreamFrame]
// *** Execute ***
// Launch: 1 / 1
// Execute: dotnet StreamFrame.Benchmarks-Job-JTGOSM-1.dll --anonymousPipes 1056 1388 --benchmarkName "StreamFrame.Benchmarks.OneWayThroughputBenchmarks.Transfer(Framer: \"LengthPrefix\", PayloadBytes: 64, CodecMode: \"StringSpan\", Transport: \"StreamFrame\")" --job "OutlierMode=DontRemove, IterationCount=10, IterationTime=250ms, LaunchCount=1, WarmupCount=3" --benchmarkId 5 in C:\Users\Marci\.codex\worktrees\03bd\StreamFrame\bench\StreamFrame.Benchmarks\bin\Release\net10.0\StreamFrame.Benchmarks-Job-JTGOSM-1\bin\Release\net10.0
// BeforeAnythingElse

// Benchmark Process Environment Information:
// BenchmarkDotNet v0.15.8
// Runtime=.NET 10.0.11 (10.0.11, 10.0.1126.37416), X64 RyuJIT x86-64-v3
// GC=Concurrent Workstation
// HardwareIntrinsics=AVX2+BMI1+BMI2+F16C+FMA+LZCNT+MOVBE,AVX,SSE3+SSSE3+SSE4.1+SSE4.2+POPCNT,X86Base+SSE+SSE2,AES+PCLMUL VectorSize=256
// Job: Job-JTGOSM(OutlierMode=DontRemove, IterationCount=10, IterationTime=250ms, LaunchCount=1, WarmupCount=3)

StreamFrame socket: receive=65536, send=65536, NoDelay=False, KeepAlive=0
StreamFrame socket: receive=65536, send=65536, NoDelay=False, KeepAlive=0
OverheadJitting  1: 256 op, 157300.00 ns, 614.4531 ns/op
WorkloadJitting  1: 256 op, 22410500.00 ns, 87.5410 us/op

WorkloadPilot    1: 1024 op, 14370400.00 ns, 14.0336 us/op
WorkloadPilot    2: 17920 op, 255579100.00 ns, 14.2622 us/op
WorkloadPilot    3: 17408 op, 243526600.00 ns, 13.9893 us/op
WorkloadPilot    4: 17920 op, 566038200.00 ns, 31.5870 us/op
WorkloadPilot    5: 7936 op, 109126000.00 ns, 13.7508 us/op
WorkloadPilot    6: 18176 op, 601642200.00 ns, 33.1009 us/op

WorkloadWarmup   1: 18176 op, 265948300.00 ns, 14.6318 us/op
WorkloadWarmup   2: 18176 op, 236065400.00 ns, 12.9878 us/op
WorkloadWarmup   3: 18176 op, 520054000.00 ns, 28.6121 us/op

// BeforeActualRun
WorkloadActual   1: 18176 op, 209583900.00 ns, 11.5308 us/op
WorkloadActual   2: 18176 op, 210353000.00 ns, 11.5731 us/op
WorkloadActual   3: 18176 op, 210473700.00 ns, 11.5798 us/op
WorkloadActual   4: 18176 op, 208553500.00 ns, 11.4741 us/op
WorkloadActual   5: 18176 op, 205819200.00 ns, 11.3237 us/op
WorkloadActual   6: 18176 op, 504110500.00 ns, 27.7350 us/op
WorkloadActual   7: 18176 op, 203128900.00 ns, 11.1757 us/op
WorkloadActual   8: 18176 op, 511769500.00 ns, 28.1563 us/op
WorkloadActual   9: 18176 op, 523009700.00 ns, 28.7747 us/op
WorkloadActual  10: 18176 op, 203681000.00 ns, 11.2060 us/op

// AfterActualRun
WorkloadResult   1: 18176 op, 209583900.00 ns, 11.5308 us/op
WorkloadResult   2: 18176 op, 210353000.00 ns, 11.5731 us/op
WorkloadResult   3: 18176 op, 210473700.00 ns, 11.5798 us/op
WorkloadResult   4: 18176 op, 208553500.00 ns, 11.4741 us/op
WorkloadResult   5: 18176 op, 205819200.00 ns, 11.3237 us/op
WorkloadResult   6: 18176 op, 504110500.00 ns, 27.7350 us/op
WorkloadResult   7: 18176 op, 203128900.00 ns, 11.1757 us/op
WorkloadResult   8: 18176 op, 511769500.00 ns, 28.1563 us/op
WorkloadResult   9: 18176 op, 523009700.00 ns, 28.7747 us/op
WorkloadResult  10: 18176 op, 203681000.00 ns, 11.2060 us/op
// GC:  1 0 0 10836352 18176
// Threading:  28989 7 18176

// AfterAll
// Benchmark Process 45972 has exited with code 0.

Mean = 16.453 μs, StdErr = 2.570 μs (15.62%), N = 10, StdDev = 8.126 μs
Min = 11.176 μs, Q1 = 11.361 μs, Median = 11.552 μs, Q3 = 23.696 μs, Max = 28.775 μs
IQR = 12.335 μs, LowerFence = -7.141 μs, UpperFence = 42.198 μs
ConfidenceInterval = [4.167 μs; 28.739 μs] (CI 99.9%), Margin = 12.286 μs (74.67% of Mean)
Skewness = 0.75, Kurtosis = 1.43, MValue = 2.86

// ** Remained 30 (83.3%) benchmark(s) to run. Estimated finish 2026-09-08 18:10 (0h 3m from now) **
Setup power plan (GUID: 8c5e7fda-e8bf-4a96-9a85-a6e23a8c635c FriendlyName: 高性能)
// **************************
// Benchmark: OneWayThroughputBenchmarks.Transfer: Job-JTGOSM(OutlierMode=DontRemove, IterationCount=10, IterationTime=250ms, LaunchCount=1, WarmupCount=3) [Framer=LengthPrefix, PayloadBytes=1024, CodecMode=Bytes, Transport=DirectTcp]
// *** Execute ***
// Launch: 1 / 1
// Execute: dotnet StreamFrame.Benchmarks-Job-JTGOSM-1.dll --anonymousPipes 1056 1388 --benchmarkName "StreamFrame.Benchmarks.OneWayThroughputBenchmarks.Transfer(Framer: \"LengthPrefix\", PayloadBytes: 1024, CodecMode: \"Bytes\", Transport: \"DirectTcp\")" --job "OutlierMode=DontRemove, IterationCount=10, IterationTime=250ms, LaunchCount=1, WarmupCount=3" --benchmarkId 6 in C:\Users\Marci\.codex\worktrees\03bd\StreamFrame\bench\StreamFrame.Benchmarks\bin\Release\net10.0\StreamFrame.Benchmarks-Job-JTGOSM-1\bin\Release\net10.0
// BeforeAnythingElse

// Benchmark Process Environment Information:
// BenchmarkDotNet v0.15.8
// Runtime=.NET 10.0.11 (10.0.11, 10.0.1126.37416), X64 RyuJIT x86-64-v3
// GC=Concurrent Workstation
// HardwareIntrinsics=AVX2+BMI1+BMI2+F16C+FMA+LZCNT+MOVBE,AVX,SSE3+SSSE3+SSE4.1+SSE4.2+POPCNT,X86Base+SSE+SSE2,AES+PCLMUL VectorSize=256
// Job: Job-JTGOSM(OutlierMode=DontRemove, IterationCount=10, IterationTime=250ms, LaunchCount=1, WarmupCount=3)

Direct TCP socket: receive=65536, send=65536, NoDelay=False, KeepAlive=false
Direct TCP socket: receive=65536, send=65536, NoDelay=False, KeepAlive=false
OverheadJitting  1: 256 op, 139600.00 ns, 545.3125 ns/op
WorkloadJitting  1: 256 op, 10398800.00 ns, 40.6203 us/op

OverheadJitting  2: 4096 op, 234600.00 ns, 57.2754 ns/op
WorkloadJitting  2: 4096 op, 52444500.00 ns, 12.8038 us/op

WorkloadPilot    1: 4096 op, 47045300.00 ns, 11.4857 us/op
WorkloadPilot    2: 24576 op, 304662900.00 ns, 12.3968 us/op
WorkloadPilot    3: 20480 op, 249956500.00 ns, 12.2049 us/op

OverheadWarmup   1: 20480 op, 2200.00 ns, 0.1074 ns/op
OverheadWarmup   2: 20480 op, 1000.00 ns, 0.0488 ns/op
OverheadWarmup   3: 20480 op, 700.00 ns, 0.0342 ns/op
OverheadWarmup   4: 20480 op, 700.00 ns, 0.0342 ns/op
OverheadWarmup   5: 20480 op, 700.00 ns, 0.0342 ns/op
OverheadWarmup   6: 20480 op, 700.00 ns, 0.0342 ns/op
OverheadWarmup   7: 20480 op, 700.00 ns, 0.0342 ns/op

OverheadActual   1: 20480 op, 700.00 ns, 0.0342 ns/op
OverheadActual   2: 20480 op, 1300.00 ns, 0.0635 ns/op
OverheadActual   3: 20480 op, 700.00 ns, 0.0342 ns/op
OverheadActual   4: 20480 op, 600.00 ns, 0.0293 ns/op
OverheadActual   5: 20480 op, 600.00 ns, 0.0293 ns/op
OverheadActual   6: 20480 op, 600.00 ns, 0.0293 ns/op
OverheadActual   7: 20480 op, 600.00 ns, 0.0293 ns/op
OverheadActual   8: 20480 op, 600.00 ns, 0.0293 ns/op
OverheadActual   9: 20480 op, 700.00 ns, 0.0342 ns/op
OverheadActual  10: 20480 op, 600.00 ns, 0.0293 ns/op
OverheadActual  11: 20480 op, 800.00 ns, 0.0391 ns/op
OverheadActual  12: 20480 op, 700.00 ns, 0.0342 ns/op
OverheadActual  13: 20480 op, 800.00 ns, 0.0391 ns/op
OverheadActual  14: 20480 op, 700.00 ns, 0.0342 ns/op
OverheadActual  15: 20480 op, 700.00 ns, 0.0342 ns/op
OverheadActual  16: 20480 op, 700.00 ns, 0.0342 ns/op
OverheadActual  17: 20480 op, 800.00 ns, 0.0391 ns/op
OverheadActual  18: 20480 op, 600.00 ns, 0.0293 ns/op
OverheadActual  19: 20480 op, 900.00 ns, 0.0439 ns/op
OverheadActual  20: 20480 op, 9600.00 ns, 0.4688 ns/op

WorkloadWarmup   1: 20480 op, 242133200.00 ns, 11.8229 us/op
WorkloadWarmup   2: 20480 op, 227818700.00 ns, 11.1240 us/op
WorkloadWarmup   3: 20480 op, 538316200.00 ns, 26.2850 us/op

// BeforeActualRun
WorkloadActual   1: 20480 op, 231170300.00 ns, 11.2876 us/op
WorkloadActual   2: 20480 op, 221227400.00 ns, 10.8021 us/op
WorkloadActual   3: 20480 op, 216183400.00 ns, 10.5558 us/op
WorkloadActual   4: 20480 op, 233620100.00 ns, 11.4072 us/op
WorkloadActual   5: 20480 op, 232884200.00 ns, 11.3713 us/op
WorkloadActual   6: 20480 op, 231002800.00 ns, 11.2794 us/op
WorkloadActual   7: 20480 op, 221349300.00 ns, 10.8081 us/op
WorkloadActual   8: 20480 op, 224094700.00 ns, 10.9421 us/op
WorkloadActual   9: 20480 op, 223109300.00 ns, 10.8940 us/op
WorkloadActual  10: 20480 op, 534277500.00 ns, 26.0878 us/op

// AfterActualRun
WorkloadResult   1: 20480 op, 231169600.00 ns, 11.2876 us/op
WorkloadResult   2: 20480 op, 221226700.00 ns, 10.8021 us/op
WorkloadResult   3: 20480 op, 216182700.00 ns, 10.5558 us/op
WorkloadResult   4: 20480 op, 233619400.00 ns, 11.4072 us/op
WorkloadResult   5: 20480 op, 232883500.00 ns, 11.3713 us/op
WorkloadResult   6: 20480 op, 231002100.00 ns, 11.2794 us/op
WorkloadResult   7: 20480 op, 221348600.00 ns, 10.8080 us/op
WorkloadResult   8: 20480 op, 224094000.00 ns, 10.9421 us/op
WorkloadResult   9: 20480 op, 223108600.00 ns, 10.8940 us/op
WorkloadResult  10: 20480 op, 534276800.00 ns, 26.0877 us/op
// GC:  2 0 0 23884224 20480
// Threading:  13321 1 20480

// AfterAll
// Benchmark Process 53136 has exited with code 0.

Mean = 12.544 μs, StdErr = 1.508 μs (12.02%), N = 10, StdDev = 4.768 μs
Min = 10.556 μs, Q1 = 10.830 μs, Median = 11.111 μs, Q3 = 11.350 μs, Max = 26.088 μs
IQR = 0.521 μs, LowerFence = 10.048 μs, UpperFence = 12.132 μs
ConfidenceInterval = [5.336 μs; 19.751 μs] (CI 99.9%), Margin = 7.208 μs (57.46% of Mean)
Skewness = 2.26, Kurtosis = 6.52, MValue = 2

// ** Remained 29 (80.6%) benchmark(s) to run. Estimated finish 2026-09-08 18:10 (0h 2m from now) **
Setup power plan (GUID: 8c5e7fda-e8bf-4a96-9a85-a6e23a8c635c FriendlyName: 高性能)
// **************************
// Benchmark: OneWayThroughputBenchmarks.Transfer: Job-JTGOSM(OutlierMode=DontRemove, IterationCount=10, IterationTime=250ms, LaunchCount=1, WarmupCount=3) [Framer=LengthPrefix, PayloadBytes=1024, CodecMode=Bytes, Transport=StreamFrame]
// *** Execute ***
// Launch: 1 / 1
// Execute: dotnet StreamFrame.Benchmarks-Job-JTGOSM-1.dll --anonymousPipes 1456 1432 --benchmarkName "StreamFrame.Benchmarks.OneWayThroughputBenchmarks.Transfer(Framer: \"LengthPrefix\", PayloadBytes: 1024, CodecMode: \"Bytes\", Transport: \"StreamFrame\")" --job "OutlierMode=DontRemove, IterationCount=10, IterationTime=250ms, LaunchCount=1, WarmupCount=3" --benchmarkId 7 in C:\Users\Marci\.codex\worktrees\03bd\StreamFrame\bench\StreamFrame.Benchmarks\bin\Release\net10.0\StreamFrame.Benchmarks-Job-JTGOSM-1\bin\Release\net10.0
// BeforeAnythingElse

// Benchmark Process Environment Information:
// BenchmarkDotNet v0.15.8
// Runtime=.NET 10.0.11 (10.0.11, 10.0.1126.37416), X64 RyuJIT x86-64-v3
// GC=Concurrent Workstation
// HardwareIntrinsics=AVX2+BMI1+BMI2+F16C+FMA+LZCNT+MOVBE,AVX,SSE3+SSSE3+SSE4.1+SSE4.2+POPCNT,X86Base+SSE+SSE2,AES+PCLMUL VectorSize=256
// Job: Job-JTGOSM(OutlierMode=DontRemove, IterationCount=10, IterationTime=250ms, LaunchCount=1, WarmupCount=3)

StreamFrame socket: receive=65536, send=65536, NoDelay=False, KeepAlive=0
StreamFrame socket: receive=65536, send=65536, NoDelay=False, KeepAlive=0
OverheadJitting  1: 256 op, 127100.00 ns, 496.4844 ns/op
WorkloadJitting  1: 256 op, 16609700.00 ns, 64.8816 us/op

OverheadJitting  2: 4096 op, 245700.00 ns, 59.9854 ns/op
WorkloadJitting  2: 4096 op, 56296600.00 ns, 13.7443 us/op

WorkloadPilot    1: 4096 op, 57446900.00 ns, 14.0251 us/op
WorkloadPilot    2: 20480 op, 330805800.00 ns, 16.1526 us/op
WorkloadPilot    3: 16384 op, 336101100.00 ns, 20.5140 us/op
WorkloadPilot    4: 12288 op, 531643900.00 ns, 43.2653 us/op

OverheadWarmup   1: 12288 op, 2100.00 ns, 0.1709 ns/op
OverheadWarmup   2: 12288 op, 600.00 ns, 0.0488 ns/op
OverheadWarmup   3: 12288 op, 600.00 ns, 0.0488 ns/op
OverheadWarmup   4: 12288 op, 1000.00 ns, 0.0814 ns/op
OverheadWarmup   5: 12288 op, 1000.00 ns, 0.0814 ns/op
OverheadWarmup   6: 12288 op, 600.00 ns, 0.0488 ns/op

OverheadActual   1: 12288 op, 800.00 ns, 0.0651 ns/op
OverheadActual   2: 12288 op, 1400.00 ns, 0.1139 ns/op
OverheadActual   3: 12288 op, 1200.00 ns, 0.0977 ns/op
OverheadActual   4: 12288 op, 900.00 ns, 0.0732 ns/op
OverheadActual   5: 12288 op, 800.00 ns, 0.0651 ns/op
OverheadActual   6: 12288 op, 900.00 ns, 0.0732 ns/op
OverheadActual   7: 12288 op, 1200.00 ns, 0.0977 ns/op
OverheadActual   8: 12288 op, 700.00 ns, 0.0570 ns/op
OverheadActual   9: 12288 op, 700.00 ns, 0.0570 ns/op
OverheadActual  10: 12288 op, 600.00 ns, 0.0488 ns/op
OverheadActual  11: 12288 op, 600.00 ns, 0.0488 ns/op
OverheadActual  12: 12288 op, 500.00 ns, 0.0407 ns/op
OverheadActual  13: 12288 op, 700.00 ns, 0.0570 ns/op
OverheadActual  14: 12288 op, 600.00 ns, 0.0488 ns/op
OverheadActual  15: 12288 op, 600.00 ns, 0.0488 ns/op
OverheadActual  16: 12288 op, 800.00 ns, 0.0651 ns/op
OverheadActual  17: 12288 op, 900.00 ns, 0.0732 ns/op
OverheadActual  18: 12288 op, 600.00 ns, 0.0488 ns/op
OverheadActual  19: 12288 op, 600.00 ns, 0.0488 ns/op
OverheadActual  20: 12288 op, 600.00 ns, 0.0488 ns/op

WorkloadWarmup   1: 12288 op, 191775100.00 ns, 15.6067 us/op
WorkloadWarmup   2: 12288 op, 183289800.00 ns, 14.9162 us/op
WorkloadWarmup   3: 12288 op, 155267500.00 ns, 12.6357 us/op

// BeforeActualRun
WorkloadActual   1: 12288 op, 157092800.00 ns, 12.7842 us/op
WorkloadActual   2: 12288 op, 166543800.00 ns, 13.5534 us/op
WorkloadActual   3: 12288 op, 164069700.00 ns, 13.3520 us/op
WorkloadActual   4: 12288 op, 149958700.00 ns, 12.2037 us/op
WorkloadActual   5: 12288 op, 151790300.00 ns, 12.3527 us/op
WorkloadActual   6: 12288 op, 153661300.00 ns, 12.5050 us/op
WorkloadActual   7: 12288 op, 153514300.00 ns, 12.4930 us/op
WorkloadActual   8: 12288 op, 153910100.00 ns, 12.5252 us/op
WorkloadActual   9: 12288 op, 154126400.00 ns, 12.5428 us/op
WorkloadActual  10: 12288 op, 155603600.00 ns, 12.6631 us/op

// AfterActualRun
WorkloadResult   1: 12288 op, 157092100.00 ns, 12.7842 us/op
WorkloadResult   2: 12288 op, 166543100.00 ns, 13.5533 us/op
WorkloadResult   3: 12288 op, 164069000.00 ns, 13.3520 us/op
WorkloadResult   4: 12288 op, 149958000.00 ns, 12.2036 us/op
WorkloadResult   5: 12288 op, 151789600.00 ns, 12.3527 us/op
WorkloadResult   6: 12288 op, 153660600.00 ns, 12.5049 us/op
WorkloadResult   7: 12288 op, 153513600.00 ns, 12.4930 us/op
WorkloadResult   8: 12288 op, 153909400.00 ns, 12.5252 us/op
WorkloadResult   9: 12288 op, 154125700.00 ns, 12.5428 us/op
WorkloadResult  10: 12288 op, 155602900.00 ns, 12.6630 us/op
// GC:  2 0 0 19913528 12288
// Threading:  30088 1 12288

// AfterAll
// Benchmark Process 3076 has exited with code 0.

Mean = 12.697 μs, StdErr = 0.136 μs (1.07%), N = 10, StdDev = 0.430 μs
Min = 12.204 μs, Q1 = 12.496 μs, Median = 12.534 μs, Q3 = 12.754 μs, Max = 13.553 μs
IQR = 0.258 μs, LowerFence = 12.109 μs, UpperFence = 13.141 μs
ConfidenceInterval = [12.047 μs; 13.348 μs] (CI 99.9%), Margin = 0.650 μs (5.12% of Mean)
Skewness = 0.91, Kurtosis = 2.33, MValue = 2

// ** Remained 28 (77.8%) benchmark(s) to run. Estimated finish 2026-09-08 18:10 (0h 2m from now) **
Setup power plan (GUID: 8c5e7fda-e8bf-4a96-9a85-a6e23a8c635c FriendlyName: 高性能)
// **************************
// Benchmark: OneWayThroughputBenchmarks.Transfer: Job-JTGOSM(OutlierMode=DontRemove, IterationCount=10, IterationTime=250ms, LaunchCount=1, WarmupCount=3) [Framer=LengthPrefix, PayloadBytes=1024, CodecMode=StringAlloc, Transport=DirectTcp]
// *** Execute ***
// Launch: 1 / 1
// Execute: dotnet StreamFrame.Benchmarks-Job-JTGOSM-1.dll --anonymousPipes 1368 1000 --benchmarkName "StreamFrame.Benchmarks.OneWayThroughputBenchmarks.Transfer(Framer: \"LengthPrefix\", PayloadBytes: 1024, CodecMode: \"StringAlloc\", Transport: \"DirectTcp\")" --job "OutlierMode=DontRemove, IterationCount=10, IterationTime=250ms, LaunchCount=1, WarmupCount=3" --benchmarkId 8 in C:\Users\Marci\.codex\worktrees\03bd\StreamFrame\bench\StreamFrame.Benchmarks\bin\Release\net10.0\StreamFrame.Benchmarks-Job-JTGOSM-1\bin\Release\net10.0
// BeforeAnythingElse

// Benchmark Process Environment Information:
// BenchmarkDotNet v0.15.8
// Runtime=.NET 10.0.11 (10.0.11, 10.0.1126.37416), X64 RyuJIT x86-64-v3
// GC=Concurrent Workstation
// HardwareIntrinsics=AVX2+BMI1+BMI2+F16C+FMA+LZCNT+MOVBE,AVX,SSE3+SSSE3+SSE4.1+SSE4.2+POPCNT,X86Base+SSE+SSE2,AES+PCLMUL VectorSize=256
// Job: Job-JTGOSM(OutlierMode=DontRemove, IterationCount=10, IterationTime=250ms, LaunchCount=1, WarmupCount=3)

Direct TCP socket: receive=65536, send=65536, NoDelay=False, KeepAlive=false
Direct TCP socket: receive=65536, send=65536, NoDelay=False, KeepAlive=false
OverheadJitting  1: 256 op, 141000.00 ns, 550.7813 ns/op
WorkloadJitting  1: 256 op, 8819600.00 ns, 34.4516 us/op

OverheadJitting  2: 4096 op, 193900.00 ns, 47.3389 ns/op
WorkloadJitting  2: 4096 op, 52497900.00 ns, 12.8169 us/op

WorkloadPilot    1: 4096 op, 51221900.00 ns, 12.5053 us/op
WorkloadPilot    2: 20480 op, 250830900.00 ns, 12.2476 us/op

OverheadWarmup   1: 20480 op, 800.00 ns, 0.0391 ns/op
OverheadWarmup   2: 20480 op, 700.00 ns, 0.0342 ns/op
OverheadWarmup   3: 20480 op, 600.00 ns, 0.0293 ns/op
OverheadWarmup   4: 20480 op, 500.00 ns, 0.0244 ns/op
OverheadWarmup   5: 20480 op, 400.00 ns, 0.0195 ns/op
OverheadWarmup   6: 20480 op, 400.00 ns, 0.0195 ns/op
OverheadWarmup   7: 20480 op, 500.00 ns, 0.0244 ns/op
OverheadWarmup   8: 20480 op, 400.00 ns, 0.0195 ns/op
OverheadWarmup   9: 20480 op, 500.00 ns, 0.0244 ns/op

OverheadActual   1: 20480 op, 500.00 ns, 0.0244 ns/op
OverheadActual   2: 20480 op, 700.00 ns, 0.0342 ns/op
OverheadActual   3: 20480 op, 600.00 ns, 0.0293 ns/op
OverheadActual   4: 20480 op, 500.00 ns, 0.0244 ns/op
OverheadActual   5: 20480 op, 500.00 ns, 0.0244 ns/op
OverheadActual   6: 20480 op, 500.00 ns, 0.0244 ns/op
OverheadActual   7: 20480 op, 500.00 ns, 0.0244 ns/op
OverheadActual   8: 20480 op, 400.00 ns, 0.0195 ns/op
OverheadActual   9: 20480 op, 9600.00 ns, 0.4688 ns/op
OverheadActual  10: 20480 op, 600.00 ns, 0.0293 ns/op
OverheadActual  11: 20480 op, 500.00 ns, 0.0244 ns/op
OverheadActual  12: 20480 op, 600.00 ns, 0.0293 ns/op
OverheadActual  13: 20480 op, 500.00 ns, 0.0244 ns/op
OverheadActual  14: 20480 op, 500.00 ns, 0.0244 ns/op
OverheadActual  15: 20480 op, 500.00 ns, 0.0244 ns/op
OverheadActual  16: 20480 op, 500.00 ns, 0.0244 ns/op
OverheadActual  17: 20480 op, 500.00 ns, 0.0244 ns/op
OverheadActual  18: 20480 op, 500.00 ns, 0.0244 ns/op
OverheadActual  19: 20480 op, 500.00 ns, 0.0244 ns/op
OverheadActual  20: 20480 op, 500.00 ns, 0.0244 ns/op

WorkloadWarmup   1: 20480 op, 254974500.00 ns, 12.4499 us/op
WorkloadWarmup   2: 20480 op, 271477900.00 ns, 13.2558 us/op
WorkloadWarmup   3: 20480 op, 319181300.00 ns, 15.5850 us/op

// BeforeActualRun
WorkloadActual   1: 20480 op, 249464600.00 ns, 12.1809 us/op
WorkloadActual   2: 20480 op, 248699100.00 ns, 12.1435 us/op
WorkloadActual   3: 20480 op, 537007700.00 ns, 26.2211 us/op
WorkloadActual   4: 20480 op, 223776400.00 ns, 10.9266 us/op
WorkloadActual   5: 20480 op, 242611300.00 ns, 11.8463 us/op
WorkloadActual   6: 20480 op, 226224900.00 ns, 11.0461 us/op
WorkloadActual   7: 20480 op, 222360200.00 ns, 10.8574 us/op
WorkloadActual   8: 20480 op, 526436900.00 ns, 25.7049 us/op
WorkloadActual   9: 20480 op, 541534100.00 ns, 26.4421 us/op
WorkloadActual  10: 20480 op, 255603800.00 ns, 12.4807 us/op

// AfterActualRun
WorkloadResult   1: 20480 op, 249464100.00 ns, 12.1809 us/op
WorkloadResult   2: 20480 op, 248698600.00 ns, 12.1435 us/op
WorkloadResult   3: 20480 op, 537007200.00 ns, 26.2211 us/op
WorkloadResult   4: 20480 op, 223775900.00 ns, 10.9266 us/op
WorkloadResult   5: 20480 op, 242610800.00 ns, 11.8462 us/op
WorkloadResult   6: 20480 op, 226224400.00 ns, 11.0461 us/op
WorkloadResult   7: 20480 op, 222359700.00 ns, 10.8574 us/op
WorkloadResult   8: 20480 op, 526436400.00 ns, 25.7049 us/op
WorkloadResult   9: 20480 op, 541533600.00 ns, 26.4421 us/op
WorkloadResult  10: 20480 op, 255603300.00 ns, 12.4806 us/op
// GC:  8 0 0 66294464 20480
// Threading:  13122 0 20480

// AfterAll
// Benchmark Process 58172 has exited with code 0.

Mean = 15.985 μs, StdErr = 2.220 μs (13.89%), N = 10, StdDev = 7.020 μs
Min = 10.857 μs, Q1 = 11.246 μs, Median = 12.162 μs, Q3 = 22.399 μs, Max = 26.442 μs
IQR = 11.153 μs, LowerFence = -5.483 μs, UpperFence = 39.128 μs
ConfidenceInterval = [5.372 μs; 26.598 μs] (CI 99.9%), Margin = 10.613 μs (66.39% of Mean)
Skewness = 0.73, Kurtosis = 1.43, MValue = 2.86

// ** Remained 27 (75.0%) benchmark(s) to run. Estimated finish 2026-09-08 18:10 (0h 2m from now) **
Setup power plan (GUID: 8c5e7fda-e8bf-4a96-9a85-a6e23a8c635c FriendlyName: 高性能)
// **************************
// Benchmark: OneWayThroughputBenchmarks.Transfer: Job-JTGOSM(OutlierMode=DontRemove, IterationCount=10, IterationTime=250ms, LaunchCount=1, WarmupCount=3) [Framer=LengthPrefix, PayloadBytes=1024, CodecMode=StringAlloc, Transport=StreamFrame]
// *** Execute ***
// Launch: 1 / 1
// Execute: dotnet StreamFrame.Benchmarks-Job-JTGOSM-1.dll --anonymousPipes 1368 1000 --benchmarkName "StreamFrame.Benchmarks.OneWayThroughputBenchmarks.Transfer(Framer: \"LengthPrefix\", PayloadBytes: 1024, CodecMode: \"StringAlloc\", Transport: \"StreamFrame\")" --job "OutlierMode=DontRemove, IterationCount=10, IterationTime=250ms, LaunchCount=1, WarmupCount=3" --benchmarkId 9 in C:\Users\Marci\.codex\worktrees\03bd\StreamFrame\bench\StreamFrame.Benchmarks\bin\Release\net10.0\StreamFrame.Benchmarks-Job-JTGOSM-1\bin\Release\net10.0
// BeforeAnythingElse

// Benchmark Process Environment Information:
// BenchmarkDotNet v0.15.8
// Runtime=.NET 10.0.11 (10.0.11, 10.0.1126.37416), X64 RyuJIT x86-64-v3
// GC=Concurrent Workstation
// HardwareIntrinsics=AVX2+BMI1+BMI2+F16C+FMA+LZCNT+MOVBE,AVX,SSE3+SSSE3+SSE4.1+SSE4.2+POPCNT,X86Base+SSE+SSE2,AES+PCLMUL VectorSize=256
// Job: Job-JTGOSM(OutlierMode=DontRemove, IterationCount=10, IterationTime=250ms, LaunchCount=1, WarmupCount=3)

StreamFrame socket: receive=65536, send=65536, NoDelay=False, KeepAlive=0
StreamFrame socket: receive=65536, send=65536, NoDelay=False, KeepAlive=0
OverheadJitting  1: 256 op, 165100.00 ns, 644.9219 ns/op
WorkloadJitting  1: 256 op, 15443400.00 ns, 60.3258 us/op

OverheadJitting  2: 4096 op, 229100.00 ns, 55.9326 ns/op
WorkloadJitting  2: 4096 op, 59588600.00 ns, 14.5480 us/op

WorkloadPilot    1: 4096 op, 61844100.00 ns, 15.0987 us/op
WorkloadPilot    2: 20480 op, 313036100.00 ns, 15.2850 us/op
WorkloadPilot    3: 16384 op, 260034400.00 ns, 15.8712 us/op

OverheadWarmup   1: 16384 op, 2500.00 ns, 0.1526 ns/op
OverheadWarmup   2: 16384 op, 600.00 ns, 0.0366 ns/op
OverheadWarmup   3: 16384 op, 600.00 ns, 0.0366 ns/op
OverheadWarmup   4: 16384 op, 500.00 ns, 0.0305 ns/op
OverheadWarmup   5: 16384 op, 700.00 ns, 0.0427 ns/op
OverheadWarmup   6: 16384 op, 1600.00 ns, 0.0977 ns/op
OverheadWarmup   7: 16384 op, 800.00 ns, 0.0488 ns/op

OverheadActual   1: 16384 op, 800.00 ns, 0.0488 ns/op
OverheadActual   2: 16384 op, 600.00 ns, 0.0366 ns/op
OverheadActual   3: 16384 op, 1000.00 ns, 0.0610 ns/op
OverheadActual   4: 16384 op, 800.00 ns, 0.0488 ns/op
OverheadActual   5: 16384 op, 700.00 ns, 0.0427 ns/op
OverheadActual   6: 16384 op, 500.00 ns, 0.0305 ns/op
OverheadActual   7: 16384 op, 500.00 ns, 0.0305 ns/op
OverheadActual   8: 16384 op, 600.00 ns, 0.0366 ns/op
OverheadActual   9: 16384 op, 500.00 ns, 0.0305 ns/op
OverheadActual  10: 16384 op, 600.00 ns, 0.0366 ns/op
OverheadActual  11: 16384 op, 600.00 ns, 0.0366 ns/op
OverheadActual  12: 16384 op, 1100.00 ns, 0.0671 ns/op
OverheadActual  13: 16384 op, 700.00 ns, 0.0427 ns/op
OverheadActual  14: 16384 op, 800.00 ns, 0.0488 ns/op
OverheadActual  15: 16384 op, 700.00 ns, 0.0427 ns/op
OverheadActual  16: 16384 op, 600.00 ns, 0.0366 ns/op
OverheadActual  17: 16384 op, 800.00 ns, 0.0488 ns/op
OverheadActual  18: 16384 op, 600.00 ns, 0.0366 ns/op
OverheadActual  19: 16384 op, 600.00 ns, 0.0366 ns/op
OverheadActual  20: 16384 op, 600.00 ns, 0.0366 ns/op

WorkloadWarmup   1: 16384 op, 248377500.00 ns, 15.1598 us/op
WorkloadWarmup   2: 16384 op, 249235700.00 ns, 15.2121 us/op
WorkloadWarmup   3: 16384 op, 244881100.00 ns, 14.9464 us/op

// BeforeActualRun
WorkloadActual   1: 16384 op, 237065100.00 ns, 14.4693 us/op
WorkloadActual   2: 16384 op, 275602100.00 ns, 16.8214 us/op
WorkloadActual   3: 16384 op, 259598900.00 ns, 15.8447 us/op
WorkloadActual   4: 16384 op, 226156300.00 ns, 13.8035 us/op
WorkloadActual   5: 16384 op, 216620800.00 ns, 13.2215 us/op
WorkloadActual   6: 16384 op, 539039800.00 ns, 32.9004 us/op
WorkloadActual   7: 16384 op, 222157200.00 ns, 13.5594 us/op
WorkloadActual   8: 16384 op, 211812100.00 ns, 12.9280 us/op
WorkloadActual   9: 16384 op, 208011400.00 ns, 12.6960 us/op
WorkloadActual  10: 16384 op, 215438100.00 ns, 13.1493 us/op

// AfterActualRun
WorkloadResult   1: 16384 op, 237064500.00 ns, 14.4693 us/op
WorkloadResult   2: 16384 op, 275601500.00 ns, 16.8214 us/op
WorkloadResult   3: 16384 op, 259598300.00 ns, 15.8446 us/op
WorkloadResult   4: 16384 op, 226155700.00 ns, 13.8034 us/op
WorkloadResult   5: 16384 op, 216620200.00 ns, 13.2214 us/op
WorkloadResult   6: 16384 op, 539039200.00 ns, 32.9003 us/op
WorkloadResult   7: 16384 op, 222156600.00 ns, 13.5594 us/op
WorkloadResult   8: 16384 op, 211811500.00 ns, 12.9279 us/op
WorkloadResult   9: 16384 op, 208010800.00 ns, 12.6960 us/op
WorkloadResult  10: 16384 op, 215437500.00 ns, 13.1493 us/op
// GC:  7 0 0 60278592 16384
// Threading:  38650 3 16384

// AfterAll
// Benchmark Process 47120 has exited with code 0.

Mean = 15.939 μs, StdErr = 1.931 μs (12.12%), N = 10, StdDev = 6.107 μs
Min = 12.696 μs, Q1 = 13.167 μs, Median = 13.681 μs, Q3 = 15.501 μs, Max = 32.900 μs
IQR = 2.333 μs, LowerFence = 9.667 μs, UpperFence = 19.001 μs
ConfidenceInterval = [6.707 μs; 25.172 μs] (CI 99.9%), Margin = 9.232 μs (57.92% of Mean)
Skewness = 2.09, Kurtosis = 5.98, MValue = 2.57

// ** Remained 26 (72.2%) benchmark(s) to run. Estimated finish 2026-09-08 18:10 (0h 2m from now) **
Setup power plan (GUID: 8c5e7fda-e8bf-4a96-9a85-a6e23a8c635c FriendlyName: 高性能)
// **************************
// Benchmark: OneWayThroughputBenchmarks.Transfer: Job-JTGOSM(OutlierMode=DontRemove, IterationCount=10, IterationTime=250ms, LaunchCount=1, WarmupCount=3) [Framer=LengthPrefix, PayloadBytes=1024, CodecMode=StringSpan, Transport=DirectTcp]
// *** Execute ***
// Launch: 1 / 1
// Execute: dotnet StreamFrame.Benchmarks-Job-JTGOSM-1.dll --anonymousPipes 1516 1528 --benchmarkName "StreamFrame.Benchmarks.OneWayThroughputBenchmarks.Transfer(Framer: \"LengthPrefix\", PayloadBytes: 1024, CodecMode: \"StringSpan\", Transport: \"DirectTcp\")" --job "OutlierMode=DontRemove, IterationCount=10, IterationTime=250ms, LaunchCount=1, WarmupCount=3" --benchmarkId 10 in C:\Users\Marci\.codex\worktrees\03bd\StreamFrame\bench\StreamFrame.Benchmarks\bin\Release\net10.0\StreamFrame.Benchmarks-Job-JTGOSM-1\bin\Release\net10.0
// BeforeAnythingElse

// Benchmark Process Environment Information:
// BenchmarkDotNet v0.15.8
// Runtime=.NET 10.0.11 (10.0.11, 10.0.1126.37416), X64 RyuJIT x86-64-v3
// GC=Concurrent Workstation
// HardwareIntrinsics=AVX2+BMI1+BMI2+F16C+FMA+LZCNT+MOVBE,AVX,SSE3+SSSE3+SSE4.1+SSE4.2+POPCNT,X86Base+SSE+SSE2,AES+PCLMUL VectorSize=256
// Job: Job-JTGOSM(OutlierMode=DontRemove, IterationCount=10, IterationTime=250ms, LaunchCount=1, WarmupCount=3)

Direct TCP socket: receive=65536, send=65536, NoDelay=False, KeepAlive=false
Direct TCP socket: receive=65536, send=65536, NoDelay=False, KeepAlive=false
OverheadJitting  1: 256 op, 141700.00 ns, 553.5156 ns/op
WorkloadJitting  1: 256 op, 9337900.00 ns, 36.4762 us/op

OverheadJitting  2: 4096 op, 224200.00 ns, 54.7363 ns/op
WorkloadJitting  2: 4096 op, 54352400.00 ns, 13.2696 us/op

WorkloadPilot    1: 4096 op, 56810500.00 ns, 13.8698 us/op
WorkloadPilot    2: 20480 op, 275281200.00 ns, 13.4415 us/op

OverheadWarmup   1: 20480 op, 800.00 ns, 0.0391 ns/op
OverheadWarmup   2: 20480 op, 500.00 ns, 0.0244 ns/op
OverheadWarmup   3: 20480 op, 600.00 ns, 0.0293 ns/op
OverheadWarmup   4: 20480 op, 500.00 ns, 0.0244 ns/op
OverheadWarmup   5: 20480 op, 500.00 ns, 0.0244 ns/op
OverheadWarmup   6: 20480 op, 500.00 ns, 0.0244 ns/op

OverheadActual   1: 20480 op, 700.00 ns, 0.0342 ns/op
OverheadActual   2: 20480 op, 600.00 ns, 0.0293 ns/op
OverheadActual   3: 20480 op, 800.00 ns, 0.0391 ns/op
OverheadActual   4: 20480 op, 500.00 ns, 0.0244 ns/op
OverheadActual   5: 20480 op, 500.00 ns, 0.0244 ns/op
OverheadActual   6: 20480 op, 600.00 ns, 0.0293 ns/op
OverheadActual   7: 20480 op, 500.00 ns, 0.0244 ns/op
OverheadActual   8: 20480 op, 500.00 ns, 0.0244 ns/op
OverheadActual   9: 20480 op, 500.00 ns, 0.0244 ns/op
OverheadActual  10: 20480 op, 600.00 ns, 0.0293 ns/op
OverheadActual  11: 20480 op, 500.00 ns, 0.0244 ns/op
OverheadActual  12: 20480 op, 500.00 ns, 0.0244 ns/op
OverheadActual  13: 20480 op, 700.00 ns, 0.0342 ns/op
OverheadActual  14: 20480 op, 600.00 ns, 0.0293 ns/op
OverheadActual  15: 20480 op, 600.00 ns, 0.0293 ns/op
OverheadActual  16: 20480 op, 500.00 ns, 0.0244 ns/op
OverheadActual  17: 20480 op, 500.00 ns, 0.0244 ns/op
OverheadActual  18: 20480 op, 500.00 ns, 0.0244 ns/op
OverheadActual  19: 20480 op, 800.00 ns, 0.0391 ns/op
OverheadActual  20: 20480 op, 600.00 ns, 0.0293 ns/op

WorkloadWarmup   1: 20480 op, 585805600.00 ns, 28.6038 us/op
WorkloadWarmup   2: 20480 op, 582796900.00 ns, 28.4569 us/op
WorkloadWarmup   3: 20480 op, 896439200.00 ns, 43.7714 us/op

// BeforeActualRun
WorkloadActual   1: 20480 op, 870945200.00 ns, 42.5266 us/op
WorkloadActual   2: 20480 op, 266144900.00 ns, 12.9954 us/op
WorkloadActual   3: 20480 op, 276206200.00 ns, 13.4866 us/op
WorkloadActual   4: 20480 op, 253301900.00 ns, 12.3683 us/op
WorkloadActual   5: 20480 op, 236785300.00 ns, 11.5618 us/op
WorkloadActual   6: 20480 op, 563099600.00 ns, 27.4951 us/op
WorkloadActual   7: 20480 op, 234206600.00 ns, 11.4359 us/op
WorkloadActual   8: 20480 op, 242117000.00 ns, 11.8221 us/op
WorkloadActual   9: 20480 op, 275455800.00 ns, 13.4500 us/op
WorkloadActual  10: 20480 op, 859069300.00 ns, 41.9467 us/op

// AfterActualRun
WorkloadResult   1: 20480 op, 870944650.00 ns, 42.5266 us/op
WorkloadResult   2: 20480 op, 266144350.00 ns, 12.9953 us/op
WorkloadResult   3: 20480 op, 276205650.00 ns, 13.4866 us/op
WorkloadResult   4: 20480 op, 253301350.00 ns, 12.3682 us/op
WorkloadResult   5: 20480 op, 236784750.00 ns, 11.5618 us/op
WorkloadResult   6: 20480 op, 563099050.00 ns, 27.4951 us/op
WorkloadResult   7: 20480 op, 234206050.00 ns, 11.4358 us/op
WorkloadResult   8: 20480 op, 242116450.00 ns, 11.8221 us/op
WorkloadResult   9: 20480 op, 275455250.00 ns, 13.4500 us/op
WorkloadResult  10: 20480 op, 859068750.00 ns, 41.9467 us/op
// GC:  5 0 0 44700296 20480
// Threading:  12055 0 20480

// AfterAll
// Benchmark Process 12080 has exited with code 0.

Mean = 19.909 μs, StdErr = 4.013 μs (20.16%), N = 10, StdDev = 12.690 μs
Min = 11.436 μs, Q1 = 11.959 μs, Median = 13.223 μs, Q3 = 23.993 μs, Max = 42.527 μs
IQR = 12.034 μs, LowerFence = -6.093 μs, UpperFence = 42.044 μs
ConfidenceInterval = [0.724 μs; 39.094 μs] (CI 99.9%), Margin = 19.185 μs (96.36% of Mean)
Skewness = 0.96, Kurtosis = 2.02, MValue = 2

// ** Remained 25 (69.4%) benchmark(s) to run. Estimated finish 2026-09-08 18:10 (0h 2m from now) **
Setup power plan (GUID: 8c5e7fda-e8bf-4a96-9a85-a6e23a8c635c FriendlyName: 高性能)
// **************************
// Benchmark: OneWayThroughputBenchmarks.Transfer: Job-JTGOSM(OutlierMode=DontRemove, IterationCount=10, IterationTime=250ms, LaunchCount=1, WarmupCount=3) [Framer=LengthPrefix, PayloadBytes=1024, CodecMode=StringSpan, Transport=StreamFrame]
// *** Execute ***
// Launch: 1 / 1
// Execute: dotnet StreamFrame.Benchmarks-Job-JTGOSM-1.dll --anonymousPipes 1168 1572 --benchmarkName "StreamFrame.Benchmarks.OneWayThroughputBenchmarks.Transfer(Framer: \"LengthPrefix\", PayloadBytes: 1024, CodecMode: \"StringSpan\", Transport: \"StreamFrame\")" --job "OutlierMode=DontRemove, IterationCount=10, IterationTime=250ms, LaunchCount=1, WarmupCount=3" --benchmarkId 11 in C:\Users\Marci\.codex\worktrees\03bd\StreamFrame\bench\StreamFrame.Benchmarks\bin\Release\net10.0\StreamFrame.Benchmarks-Job-JTGOSM-1\bin\Release\net10.0
// BeforeAnythingElse

// Benchmark Process Environment Information:
// BenchmarkDotNet v0.15.8
// Runtime=.NET 10.0.11 (10.0.11, 10.0.1126.37416), X64 RyuJIT x86-64-v3
// GC=Concurrent Workstation
// HardwareIntrinsics=AVX2+BMI1+BMI2+F16C+FMA+LZCNT+MOVBE,AVX,SSE3+SSSE3+SSE4.1+SSE4.2+POPCNT,X86Base+SSE+SSE2,AES+PCLMUL VectorSize=256
// Job: Job-JTGOSM(OutlierMode=DontRemove, IterationCount=10, IterationTime=250ms, LaunchCount=1, WarmupCount=3)

StreamFrame socket: receive=65536, send=65536, NoDelay=False, KeepAlive=0
StreamFrame socket: receive=65536, send=65536, NoDelay=False, KeepAlive=0
OverheadJitting  1: 256 op, 154000.00 ns, 601.5625 ns/op
WorkloadJitting  1: 256 op, 17978600.00 ns, 70.2289 us/op

WorkloadPilot    1: 1024 op, 12691400.00 ns, 12.3939 us/op
WorkloadPilot    2: 20224 op, 629164400.00 ns, 31.1098 us/op
WorkloadPilot    3: 7936 op, 121780300.00 ns, 15.3453 us/op
WorkloadPilot    4: 16384 op, 257069000.00 ns, 15.6902 us/op
WorkloadPilot    5: 15872 op, 549143900.00 ns, 34.5983 us/op

WorkloadWarmup   1: 15872 op, 534784600.00 ns, 33.6936 us/op
WorkloadWarmup   2: 15872 op, 209717300.00 ns, 13.2130 us/op
WorkloadWarmup   3: 15872 op, 231565100.00 ns, 14.5895 us/op

// BeforeActualRun
WorkloadActual   1: 15872 op, 501919000.00 ns, 31.6229 us/op
WorkloadActual   2: 15872 op, 210531800.00 ns, 13.2644 us/op
WorkloadActual   3: 15872 op, 565360800.00 ns, 35.6200 us/op
WorkloadActual   4: 15872 op, 242941800.00 ns, 15.3063 us/op
WorkloadActual   5: 15872 op, 216596000.00 ns, 13.6464 us/op
WorkloadActual   6: 15872 op, 211326100.00 ns, 13.3144 us/op
WorkloadActual   7: 15872 op, 219738900.00 ns, 13.8444 us/op
WorkloadActual   8: 15872 op, 201553100.00 ns, 12.6987 us/op
WorkloadActual   9: 15872 op, 215978300.00 ns, 13.6075 us/op
WorkloadActual  10: 15872 op, 1431278000.00 ns, 90.1763 us/op

// AfterActualRun
WorkloadResult   1: 15872 op, 501919000.00 ns, 31.6229 us/op
WorkloadResult   2: 15872 op, 210531800.00 ns, 13.2644 us/op
WorkloadResult   3: 15872 op, 565360800.00 ns, 35.6200 us/op
WorkloadResult   4: 15872 op, 242941800.00 ns, 15.3063 us/op
WorkloadResult   5: 15872 op, 216596000.00 ns, 13.6464 us/op
WorkloadResult   6: 15872 op, 211326100.00 ns, 13.3144 us/op
WorkloadResult   7: 15872 op, 219738900.00 ns, 13.8444 us/op
WorkloadResult   8: 15872 op, 201553100.00 ns, 12.6987 us/op
WorkloadResult   9: 15872 op, 215978300.00 ns, 13.6075 us/op
WorkloadResult  10: 15872 op, 1431278000.00 ns, 90.1763 us/op
// GC:  4 0 0 40874568 15872
// Threading:  31972 5 15872

// AfterAll
// Benchmark Process 43580 has exited with code 0.

Mean = 25.310 μs, StdErr = 7.679 μs (30.34%), N = 10, StdDev = 24.282 μs
Min = 12.699 μs, Q1 = 13.388 μs, Median = 13.745 μs, Q3 = 27.544 μs, Max = 90.176 μs
IQR = 14.156 μs, LowerFence = -7.846 μs, UpperFence = 48.778 μs
ConfidenceInterval = [-11.400 μs; 62.020 μs] (CI 99.9%), Margin = 36.710 μs (145.04% of Mean)
Skewness = 1.84, Kurtosis = 5.13, MValue = 2.57

// ** Remained 24 (66.7%) benchmark(s) to run. Estimated finish 2026-09-08 18:10 (0h 2m from now) **
Setup power plan (GUID: 8c5e7fda-e8bf-4a96-9a85-a6e23a8c635c FriendlyName: 高性能)
// **************************
// Benchmark: OneWayThroughputBenchmarks.Transfer: Job-JTGOSM(OutlierMode=DontRemove, IterationCount=10, IterationTime=250ms, LaunchCount=1, WarmupCount=3) [Framer=LengthPrefix, PayloadBytes=65536, CodecMode=Bytes, Transport=DirectTcp]
// *** Execute ***
// Launch: 1 / 1
// Execute: dotnet StreamFrame.Benchmarks-Job-JTGOSM-1.dll --anonymousPipes 1584 1588 --benchmarkName "StreamFrame.Benchmarks.OneWayThroughputBenchmarks.Transfer(Framer: \"LengthPrefix\", PayloadBytes: 65536, CodecMode: \"Bytes\", Transport: \"DirectTcp\")" --job "OutlierMode=DontRemove, IterationCount=10, IterationTime=250ms, LaunchCount=1, WarmupCount=3" --benchmarkId 12 in C:\Users\Marci\.codex\worktrees\03bd\StreamFrame\bench\StreamFrame.Benchmarks\bin\Release\net10.0\StreamFrame.Benchmarks-Job-JTGOSM-1\bin\Release\net10.0
// BeforeAnythingElse

// Benchmark Process Environment Information:
// BenchmarkDotNet v0.15.8
// Runtime=.NET 10.0.11 (10.0.11, 10.0.1126.37416), X64 RyuJIT x86-64-v3
// GC=Concurrent Workstation
// HardwareIntrinsics=AVX2+BMI1+BMI2+F16C+FMA+LZCNT+MOVBE,AVX,SSE3+SSSE3+SSE4.1+SSE4.2+POPCNT,X86Base+SSE+SSE2,AES+PCLMUL VectorSize=256
// Job: Job-JTGOSM(OutlierMode=DontRemove, IterationCount=10, IterationTime=250ms, LaunchCount=1, WarmupCount=3)

Direct TCP socket: receive=65536, send=65536, NoDelay=False, KeepAlive=false
Direct TCP socket: receive=65536, send=65536, NoDelay=False, KeepAlive=false
OverheadJitting  1: 256 op, 194400.00 ns, 759.3750 ns/op
WorkloadJitting  1: 256 op, 19357900.00 ns, 75.6168 us/op

WorkloadPilot    1: 1024 op, 99638500.00 ns, 97.3032 us/op
WorkloadPilot    2: 2560 op, 146798900.00 ns, 57.3433 us/op
WorkloadPilot    3: 4352 op, 296308400.00 ns, 68.0856 us/op
WorkloadPilot    4: 3584 op, 242354400.00 ns, 67.6212 us/op

WorkloadWarmup   1: 3584 op, 261063300.00 ns, 72.8413 us/op
WorkloadWarmup   2: 3584 op, 254358600.00 ns, 70.9706 us/op
WorkloadWarmup   3: 3584 op, 203027000.00 ns, 56.6482 us/op

// BeforeActualRun
WorkloadActual   1: 3584 op, 238122600.00 ns, 66.4405 us/op
WorkloadActual   2: 3584 op, 282979700.00 ns, 78.9564 us/op
WorkloadActual   3: 3584 op, 237220400.00 ns, 66.1887 us/op
WorkloadActual   4: 3584 op, 202882400.00 ns, 56.6078 us/op
WorkloadActual   5: 3584 op, 249196300.00 ns, 69.5302 us/op
WorkloadActual   6: 3584 op, 219493900.00 ns, 61.2427 us/op
WorkloadActual   7: 3584 op, 211253800.00 ns, 58.9436 us/op
WorkloadActual   8: 3584 op, 242902700.00 ns, 67.7742 us/op
WorkloadActual   9: 3584 op, 175085700.00 ns, 48.8520 us/op
WorkloadActual  10: 3584 op, 185689400.00 ns, 51.8107 us/op

// AfterActualRun
WorkloadResult   1: 3584 op, 238122600.00 ns, 66.4405 us/op
WorkloadResult   2: 3584 op, 282979700.00 ns, 78.9564 us/op
WorkloadResult   3: 3584 op, 237220400.00 ns, 66.1887 us/op
WorkloadResult   4: 3584 op, 202882400.00 ns, 56.6078 us/op
WorkloadResult   5: 3584 op, 249196300.00 ns, 69.5302 us/op
WorkloadResult   6: 3584 op, 219493900.00 ns, 61.2427 us/op
WorkloadResult   7: 3584 op, 211253800.00 ns, 58.9436 us/op
WorkloadResult   8: 3584 op, 242902700.00 ns, 67.7742 us/op
WorkloadResult   9: 3584 op, 175085700.00 ns, 48.8520 us/op
WorkloadResult  10: 3584 op, 185689400.00 ns, 51.8107 us/op
// GC:  24 9 0 235270712 3584
// Threading:  351 0 3584

// AfterAll
// Benchmark Process 61872 has exited with code 0.

Mean = 62.635 μs, StdErr = 2.841 μs (4.54%), N = 10, StdDev = 8.984 μs
Min = 48.852 μs, Q1 = 57.192 μs, Median = 63.716 μs, Q3 = 67.441 μs, Max = 78.956 μs
IQR = 10.249 μs, LowerFence = 41.818 μs, UpperFence = 82.814 μs
ConfidenceInterval = [49.051 μs; 76.218 μs] (CI 99.9%), Margin = 13.583 μs (21.69% of Mean)
Skewness = 0.1, Kurtosis = 1.93, MValue = 2.33

// ** Remained 23 (63.9%) benchmark(s) to run. Estimated finish 2026-09-08 18:10 (0h 2m from now) **
Setup power plan (GUID: 8c5e7fda-e8bf-4a96-9a85-a6e23a8c635c FriendlyName: 高性能)
// **************************
// Benchmark: OneWayThroughputBenchmarks.Transfer: Job-JTGOSM(OutlierMode=DontRemove, IterationCount=10, IterationTime=250ms, LaunchCount=1, WarmupCount=3) [Framer=LengthPrefix, PayloadBytes=65536, CodecMode=Bytes, Transport=StreamFrame]
// *** Execute ***
// Launch: 1 / 1
// Execute: dotnet StreamFrame.Benchmarks-Job-JTGOSM-1.dll --anonymousPipes 1584 1588 --benchmarkName "StreamFrame.Benchmarks.OneWayThroughputBenchmarks.Transfer(Framer: \"LengthPrefix\", PayloadBytes: 65536, CodecMode: \"Bytes\", Transport: \"StreamFrame\")" --job "OutlierMode=DontRemove, IterationCount=10, IterationTime=250ms, LaunchCount=1, WarmupCount=3" --benchmarkId 13 in C:\Users\Marci\.codex\worktrees\03bd\StreamFrame\bench\StreamFrame.Benchmarks\bin\Release\net10.0\StreamFrame.Benchmarks-Job-JTGOSM-1\bin\Release\net10.0
// BeforeAnythingElse

// Benchmark Process Environment Information:
// BenchmarkDotNet v0.15.8
// Runtime=.NET 10.0.11 (10.0.11, 10.0.1126.37416), X64 RyuJIT x86-64-v3
// GC=Concurrent Workstation
// HardwareIntrinsics=AVX2+BMI1+BMI2+F16C+FMA+LZCNT+MOVBE,AVX,SSE3+SSSE3+SSE4.1+SSE4.2+POPCNT,X86Base+SSE+SSE2,AES+PCLMUL VectorSize=256
// Job: Job-JTGOSM(OutlierMode=DontRemove, IterationCount=10, IterationTime=250ms, LaunchCount=1, WarmupCount=3)

StreamFrame socket: receive=65536, send=65536, NoDelay=False, KeepAlive=0
StreamFrame socket: receive=65536, send=65536, NoDelay=False, KeepAlive=0
OverheadJitting  1: 256 op, 161100.00 ns, 629.2969 ns/op
WorkloadJitting  1: 256 op, 46461800.00 ns, 181.4914 us/op

WorkloadPilot    1: 1024 op, 94776400.00 ns, 92.5551 us/op
WorkloadPilot    2: 2816 op, 176344500.00 ns, 62.6223 us/op
WorkloadPilot    3: 4096 op, 227351700.00 ns, 55.5058 us/op
WorkloadPilot    4: 4608 op, 299713800.00 ns, 65.0421 us/op
WorkloadPilot    5: 3840 op, 223122900.00 ns, 58.1049 us/op
WorkloadPilot    6: 4352 op, 260140500.00 ns, 59.7749 us/op

WorkloadWarmup   1: 4352 op, 277118600.00 ns, 63.6761 us/op
WorkloadWarmup   2: 4352 op, 222314000.00 ns, 51.0832 us/op
WorkloadWarmup   3: 4352 op, 250077300.00 ns, 57.4626 us/op

// BeforeActualRun
WorkloadActual   1: 4352 op, 241822700.00 ns, 55.5659 us/op
WorkloadActual   2: 4352 op, 147643000.00 ns, 33.9253 us/op
WorkloadActual   3: 4352 op, 147425400.00 ns, 33.8753 us/op
WorkloadActual   4: 4352 op, 156434400.00 ns, 35.9454 us/op
WorkloadActual   5: 4352 op, 153777100.00 ns, 35.3348 us/op
WorkloadActual   6: 4352 op, 171689100.00 ns, 39.4506 us/op
WorkloadActual   7: 4352 op, 145691000.00 ns, 33.4768 us/op
WorkloadActual   8: 4352 op, 148849300.00 ns, 34.2025 us/op
WorkloadActual   9: 4352 op, 145866500.00 ns, 33.5171 us/op
WorkloadActual  10: 4352 op, 151607400.00 ns, 34.8363 us/op

// AfterActualRun
WorkloadResult   1: 4352 op, 241822700.00 ns, 55.5659 us/op
WorkloadResult   2: 4352 op, 147643000.00 ns, 33.9253 us/op
WorkloadResult   3: 4352 op, 147425400.00 ns, 33.8753 us/op
WorkloadResult   4: 4352 op, 156434400.00 ns, 35.9454 us/op
WorkloadResult   5: 4352 op, 153777100.00 ns, 35.3348 us/op
WorkloadResult   6: 4352 op, 171689100.00 ns, 39.4506 us/op
WorkloadResult   7: 4352 op, 145691000.00 ns, 33.4768 us/op
WorkloadResult   8: 4352 op, 148849300.00 ns, 34.2025 us/op
WorkloadResult   9: 4352 op, 145866500.00 ns, 33.5171 us/op
WorkloadResult  10: 4352 op, 151607400.00 ns, 34.8363 us/op
// GC:  32 5 0 287943240 4352
// Threading:  17886 1 4352

// AfterAll
// Benchmark Process 61464 has exited with code 0.

Mean = 37.013 μs, StdErr = 2.137 μs (5.77%), N = 10, StdDev = 6.756 μs
Min = 33.477 μs, Q1 = 33.888 μs, Median = 34.519 μs, Q3 = 35.793 μs, Max = 55.566 μs
IQR = 1.905 μs, LowerFence = 31.030 μs, UpperFence = 38.650 μs
ConfidenceInterval = [26.798 μs; 47.228 μs] (CI 99.9%), Margin = 10.215 μs (27.60% of Mean)
Skewness = 2.01, Kurtosis = 5.72, MValue = 2

// ** Remained 22 (61.1%) benchmark(s) to run. Estimated finish 2026-09-08 18:10 (0h 2m from now) **
Setup power plan (GUID: 8c5e7fda-e8bf-4a96-9a85-a6e23a8c635c FriendlyName: 高性能)
// **************************
// Benchmark: OneWayThroughputBenchmarks.Transfer: Job-JTGOSM(OutlierMode=DontRemove, IterationCount=10, IterationTime=250ms, LaunchCount=1, WarmupCount=3) [Framer=LengthPrefix, PayloadBytes=65536, CodecMode=StringAlloc, Transport=DirectTcp]
// *** Execute ***
// Launch: 1 / 1
// Execute: dotnet StreamFrame.Benchmarks-Job-JTGOSM-1.dll --anonymousPipes 1048 1140 --benchmarkName "StreamFrame.Benchmarks.OneWayThroughputBenchmarks.Transfer(Framer: \"LengthPrefix\", PayloadBytes: 65536, CodecMode: \"StringAlloc\", Transport: \"DirectTcp\")" --job "OutlierMode=DontRemove, IterationCount=10, IterationTime=250ms, LaunchCount=1, WarmupCount=3" --benchmarkId 14 in C:\Users\Marci\.codex\worktrees\03bd\StreamFrame\bench\StreamFrame.Benchmarks\bin\Release\net10.0\StreamFrame.Benchmarks-Job-JTGOSM-1\bin\Release\net10.0
// BeforeAnythingElse

// Benchmark Process Environment Information:
// BenchmarkDotNet v0.15.8
// Runtime=.NET 10.0.11 (10.0.11, 10.0.1126.37416), X64 RyuJIT x86-64-v3
// GC=Concurrent Workstation
// HardwareIntrinsics=AVX2+BMI1+BMI2+F16C+FMA+LZCNT+MOVBE,AVX,SSE3+SSSE3+SSE4.1+SSE4.2+POPCNT,X86Base+SSE+SSE2,AES+PCLMUL VectorSize=256
// Job: Job-JTGOSM(OutlierMode=DontRemove, IterationCount=10, IterationTime=250ms, LaunchCount=1, WarmupCount=3)

Direct TCP socket: receive=65536, send=65536, NoDelay=False, KeepAlive=false
Direct TCP socket: receive=65536, send=65536, NoDelay=False, KeepAlive=false
OverheadJitting  1: 256 op, 152300.00 ns, 594.9219 ns/op
WorkloadJitting  1: 256 op, 25816600.00 ns, 100.8461 us/op

WorkloadPilot    1: 1024 op, 71015700.00 ns, 69.3513 us/op
WorkloadPilot    2: 3584 op, 264563100.00 ns, 73.8178 us/op

WorkloadWarmup   1: 3584 op, 235160600.00 ns, 65.6140 us/op
WorkloadWarmup   2: 3584 op, 224816000.00 ns, 62.7277 us/op
WorkloadWarmup   3: 3584 op, 215693500.00 ns, 60.1823 us/op

// BeforeActualRun
WorkloadActual   1: 3584 op, 213697300.00 ns, 59.6254 us/op
WorkloadActual   2: 3584 op, 208820900.00 ns, 58.2648 us/op
WorkloadActual   3: 3584 op, 201390700.00 ns, 56.1916 us/op
WorkloadActual   4: 3584 op, 222398100.00 ns, 62.0530 us/op
WorkloadActual   5: 3584 op, 216226200.00 ns, 60.3310 us/op
WorkloadActual   6: 3584 op, 188387800.00 ns, 52.5636 us/op
WorkloadActual   7: 3584 op, 186168100.00 ns, 51.9442 us/op
WorkloadActual   8: 3584 op, 190986800.00 ns, 53.2887 us/op
WorkloadActual   9: 3584 op, 201187700.00 ns, 56.1350 us/op
WorkloadActual  10: 3584 op, 199181200.00 ns, 55.5751 us/op

// AfterActualRun
WorkloadResult   1: 3584 op, 213697300.00 ns, 59.6254 us/op
WorkloadResult   2: 3584 op, 208820900.00 ns, 58.2648 us/op
WorkloadResult   3: 3584 op, 201390700.00 ns, 56.1916 us/op
WorkloadResult   4: 3584 op, 222398100.00 ns, 62.0530 us/op
WorkloadResult   5: 3584 op, 216226200.00 ns, 60.3310 us/op
WorkloadResult   6: 3584 op, 188387800.00 ns, 52.5636 us/op
WorkloadResult   7: 3584 op, 186168100.00 ns, 51.9442 us/op
WorkloadResult   8: 3584 op, 190986800.00 ns, 53.2887 us/op
WorkloadResult   9: 3584 op, 201187700.00 ns, 56.1350 us/op
WorkloadResult  10: 3584 op, 199181200.00 ns, 55.5751 us/op
// GC:  149 149 149 705152728 3584
// Threading:  528 0 3584

// AfterAll
// Benchmark Process 60300 has exited with code 0.

Mean = 56.597 μs, StdErr = 1.085 μs (1.92%), N = 10, StdDev = 3.431 μs
Min = 51.944 μs, Q1 = 53.860 μs, Median = 56.163 μs, Q3 = 59.285 μs, Max = 62.053 μs
IQR = 5.425 μs, LowerFence = 45.723 μs, UpperFence = 67.423 μs
ConfidenceInterval = [51.410 μs; 61.784 μs] (CI 99.9%), Margin = 5.187 μs (9.17% of Mean)
Skewness = 0.11, Kurtosis = 1.46, MValue = 3.6

// ** Remained 21 (58.3%) benchmark(s) to run. Estimated finish 2026-09-08 18:10 (0h 1m from now) **
Setup power plan (GUID: 8c5e7fda-e8bf-4a96-9a85-a6e23a8c635c FriendlyName: 高性能)
// **************************
// Benchmark: OneWayThroughputBenchmarks.Transfer: Job-JTGOSM(OutlierMode=DontRemove, IterationCount=10, IterationTime=250ms, LaunchCount=1, WarmupCount=3) [Framer=LengthPrefix, PayloadBytes=65536, CodecMode=StringAlloc, Transport=StreamFrame]
// *** Execute ***
// Launch: 1 / 1
// Execute: dotnet StreamFrame.Benchmarks-Job-JTGOSM-1.dll --anonymousPipes 1108 1436 --benchmarkName "StreamFrame.Benchmarks.OneWayThroughputBenchmarks.Transfer(Framer: \"LengthPrefix\", PayloadBytes: 65536, CodecMode: \"StringAlloc\", Transport: \"StreamFrame\")" --job "OutlierMode=DontRemove, IterationCount=10, IterationTime=250ms, LaunchCount=1, WarmupCount=3" --benchmarkId 15 in C:\Users\Marci\.codex\worktrees\03bd\StreamFrame\bench\StreamFrame.Benchmarks\bin\Release\net10.0\StreamFrame.Benchmarks-Job-JTGOSM-1\bin\Release\net10.0
// BeforeAnythingElse

// Benchmark Process Environment Information:
// BenchmarkDotNet v0.15.8
// Runtime=.NET 10.0.11 (10.0.11, 10.0.1126.37416), X64 RyuJIT x86-64-v3
// GC=Concurrent Workstation
// HardwareIntrinsics=AVX2+BMI1+BMI2+F16C+FMA+LZCNT+MOVBE,AVX,SSE3+SSSE3+SSE4.1+SSE4.2+POPCNT,X86Base+SSE+SSE2,AES+PCLMUL VectorSize=256
// Job: Job-JTGOSM(OutlierMode=DontRemove, IterationCount=10, IterationTime=250ms, LaunchCount=1, WarmupCount=3)

StreamFrame socket: receive=65536, send=65536, NoDelay=False, KeepAlive=0
StreamFrame socket: receive=65536, send=65536, NoDelay=False, KeepAlive=0
OverheadJitting  1: 256 op, 146700.00 ns, 573.0469 ns/op
WorkloadJitting  1: 256 op, 63523200.00 ns, 248.1375 us/op

WorkloadPilot    1: 1024 op, 88511900.00 ns, 86.4374 us/op
WorkloadPilot    2: 2816 op, 315529400.00 ns, 112.0488 us/op
WorkloadPilot    3: 2304 op, 298420500.00 ns, 129.5228 us/op

WorkloadWarmup   1: 2304 op, 268996500.00 ns, 116.7520 us/op
WorkloadWarmup   2: 2304 op, 289546900.00 ns, 125.6714 us/op
WorkloadWarmup   3: 2304 op, 248761100.00 ns, 107.9692 us/op

// BeforeActualRun
WorkloadActual   1: 2304 op, 253992500.00 ns, 110.2398 us/op
WorkloadActual   2: 2304 op, 302263200.00 ns, 131.1906 us/op
WorkloadActual   3: 2304 op, 153344600.00 ns, 66.5558 us/op
WorkloadActual   4: 2304 op, 196992400.00 ns, 85.5002 us/op
WorkloadActual   5: 2304 op, 150844800.00 ns, 65.4708 us/op
WorkloadActual   6: 2304 op, 185753300.00 ns, 80.6221 us/op
WorkloadActual   7: 2304 op, 177833400.00 ns, 77.1846 us/op
WorkloadActual   8: 2304 op, 139754800.00 ns, 60.6575 us/op
WorkloadActual   9: 2304 op, 135444900.00 ns, 58.7868 us/op
WorkloadActual  10: 2304 op, 176480000.00 ns, 76.5972 us/op

// AfterActualRun
WorkloadResult   1: 2304 op, 253992500.00 ns, 110.2398 us/op
WorkloadResult   2: 2304 op, 302263200.00 ns, 131.1906 us/op
WorkloadResult   3: 2304 op, 153344600.00 ns, 66.5558 us/op
WorkloadResult   4: 2304 op, 196992400.00 ns, 85.5002 us/op
WorkloadResult   5: 2304 op, 150844800.00 ns, 65.4708 us/op
WorkloadResult   6: 2304 op, 185753300.00 ns, 80.6221 us/op
WorkloadResult   7: 2304 op, 177833400.00 ns, 77.1846 us/op
WorkloadResult   8: 2304 op, 139754800.00 ns, 60.6575 us/op
WorkloadResult   9: 2304 op, 135444900.00 ns, 58.7868 us/op
WorkloadResult  10: 2304 op, 176480000.00 ns, 76.5972 us/op
// GC:  100 84 84 456679672 2304
// Threading:  7094 0 2304

// AfterAll
// Benchmark Process 2892 has exited with code 0.

Mean = 81.281 μs, StdErr = 7.291 μs (8.97%), N = 10, StdDev = 23.057 μs
Min = 58.787 μs, Q1 = 65.742 μs, Median = 76.891 μs, Q3 = 84.281 μs, Max = 131.191 μs
IQR = 18.539 μs, LowerFence = 37.934 μs, UpperFence = 112.089 μs
ConfidenceInterval = [46.422 μs; 116.140 μs] (CI 99.9%), Margin = 34.859 μs (42.89% of Mean)
Skewness = 0.99, Kurtosis = 2.64, MValue = 2.33

// ** Remained 20 (55.6%) benchmark(s) to run. Estimated finish 2026-09-08 18:10 (0h 1m from now) **
Setup power plan (GUID: 8c5e7fda-e8bf-4a96-9a85-a6e23a8c635c FriendlyName: 高性能)
// **************************
// Benchmark: OneWayThroughputBenchmarks.Transfer: Job-JTGOSM(OutlierMode=DontRemove, IterationCount=10, IterationTime=250ms, LaunchCount=1, WarmupCount=3) [Framer=LengthPrefix, PayloadBytes=65536, CodecMode=StringSpan, Transport=DirectTcp]
// *** Execute ***
// Launch: 1 / 1
// Execute: dotnet StreamFrame.Benchmarks-Job-JTGOSM-1.dll --anonymousPipes 1628 1148 --benchmarkName "StreamFrame.Benchmarks.OneWayThroughputBenchmarks.Transfer(Framer: \"LengthPrefix\", PayloadBytes: 65536, CodecMode: \"StringSpan\", Transport: \"DirectTcp\")" --job "OutlierMode=DontRemove, IterationCount=10, IterationTime=250ms, LaunchCount=1, WarmupCount=3" --benchmarkId 16 in C:\Users\Marci\.codex\worktrees\03bd\StreamFrame\bench\StreamFrame.Benchmarks\bin\Release\net10.0\StreamFrame.Benchmarks-Job-JTGOSM-1\bin\Release\net10.0
// BeforeAnythingElse

// Benchmark Process Environment Information:
// BenchmarkDotNet v0.15.8
// Runtime=.NET 10.0.11 (10.0.11, 10.0.1126.37416), X64 RyuJIT x86-64-v3
// GC=Concurrent Workstation
// HardwareIntrinsics=AVX2+BMI1+BMI2+F16C+FMA+LZCNT+MOVBE,AVX,SSE3+SSSE3+SSE4.1+SSE4.2+POPCNT,X86Base+SSE+SSE2,AES+PCLMUL VectorSize=256
// Job: Job-JTGOSM(OutlierMode=DontRemove, IterationCount=10, IterationTime=250ms, LaunchCount=1, WarmupCount=3)

Direct TCP socket: receive=65536, send=65536, NoDelay=False, KeepAlive=false
Direct TCP socket: receive=65536, send=65536, NoDelay=False, KeepAlive=false
OverheadJitting  1: 256 op, 148200.00 ns, 578.9063 ns/op
WorkloadJitting  1: 256 op, 19372600.00 ns, 75.6742 us/op

WorkloadPilot    1: 1024 op, 48859100.00 ns, 47.7140 us/op
WorkloadPilot    2: 5120 op, 285549800.00 ns, 55.7714 us/op
WorkloadPilot    3: 4608 op, 371066600.00 ns, 80.5266 us/op
WorkloadPilot    4: 3072 op, 176887400.00 ns, 57.5805 us/op
WorkloadPilot    5: 4352 op, 274057500.00 ns, 62.9728 us/op

WorkloadWarmup   1: 4352 op, 284951400.00 ns, 65.4760 us/op
WorkloadWarmup   2: 4352 op, 280568200.00 ns, 64.4688 us/op
WorkloadWarmup   3: 4352 op, 224849900.00 ns, 51.6659 us/op

// BeforeActualRun
WorkloadActual   1: 4352 op, 225242300.00 ns, 51.7560 us/op
WorkloadActual   2: 4352 op, 235049100.00 ns, 54.0094 us/op
WorkloadActual   3: 4352 op, 259001900.00 ns, 59.5133 us/op
WorkloadActual   4: 4352 op, 242666400.00 ns, 55.7597 us/op
WorkloadActual   5: 4352 op, 199774500.00 ns, 45.9041 us/op
WorkloadActual   6: 4352 op, 206755400.00 ns, 47.5081 us/op
WorkloadActual   7: 4352 op, 208612000.00 ns, 47.9347 us/op
WorkloadActual   8: 4352 op, 199860500.00 ns, 45.9238 us/op
WorkloadActual   9: 4352 op, 207096800.00 ns, 47.5866 us/op
WorkloadActual  10: 4352 op, 232355600.00 ns, 53.3905 us/op

// AfterActualRun
WorkloadResult   1: 4352 op, 225242300.00 ns, 51.7560 us/op
WorkloadResult   2: 4352 op, 235049100.00 ns, 54.0094 us/op
WorkloadResult   3: 4352 op, 259001900.00 ns, 59.5133 us/op
WorkloadResult   4: 4352 op, 242666400.00 ns, 55.7597 us/op
WorkloadResult   5: 4352 op, 199774500.00 ns, 45.9041 us/op
WorkloadResult   6: 4352 op, 206755400.00 ns, 47.5081 us/op
WorkloadResult   7: 4352 op, 208612000.00 ns, 47.9347 us/op
WorkloadResult   8: 4352 op, 199860500.00 ns, 45.9238 us/op
WorkloadResult   9: 4352 op, 207096800.00 ns, 47.5866 us/op
WorkloadResult  10: 4352 op, 232355600.00 ns, 53.3905 us/op
// GC:  163 163 163 571637824 4352
// Threading:  723 1 4352

// AfterAll
// Benchmark Process 59492 has exited with code 0.

Mean = 50.929 μs, StdErr = 1.473 μs (2.89%), N = 10, StdDev = 4.660 μs
Min = 45.904 μs, Q1 = 47.528 μs, Median = 49.845 μs, Q3 = 53.855 μs, Max = 59.513 μs
IQR = 6.327 μs, LowerFence = 38.037 μs, UpperFence = 63.345 μs
ConfidenceInterval = [43.884 μs; 57.973 μs] (CI 99.9%), Margin = 7.045 μs (13.83% of Mean)
Skewness = 0.43, Kurtosis = 1.64, MValue = 2

// ** Remained 19 (52.8%) benchmark(s) to run. Estimated finish 2026-09-08 18:10 (0h 1m from now) **
Setup power plan (GUID: 8c5e7fda-e8bf-4a96-9a85-a6e23a8c635c FriendlyName: 高性能)
// **************************
// Benchmark: OneWayThroughputBenchmarks.Transfer: Job-JTGOSM(OutlierMode=DontRemove, IterationCount=10, IterationTime=250ms, LaunchCount=1, WarmupCount=3) [Framer=LengthPrefix, PayloadBytes=65536, CodecMode=StringSpan, Transport=StreamFrame]
// *** Execute ***
// Launch: 1 / 1
// Execute: dotnet StreamFrame.Benchmarks-Job-JTGOSM-1.dll --anonymousPipes 1596 1620 --benchmarkName "StreamFrame.Benchmarks.OneWayThroughputBenchmarks.Transfer(Framer: \"LengthPrefix\", PayloadBytes: 65536, CodecMode: \"StringSpan\", Transport: \"StreamFrame\")" --job "OutlierMode=DontRemove, IterationCount=10, IterationTime=250ms, LaunchCount=1, WarmupCount=3" --benchmarkId 17 in C:\Users\Marci\.codex\worktrees\03bd\StreamFrame\bench\StreamFrame.Benchmarks\bin\Release\net10.0\StreamFrame.Benchmarks-Job-JTGOSM-1\bin\Release\net10.0
// BeforeAnythingElse

// Benchmark Process Environment Information:
// BenchmarkDotNet v0.15.8
// Runtime=.NET 10.0.11 (10.0.11, 10.0.1126.37416), X64 RyuJIT x86-64-v3
// GC=Concurrent Workstation
// HardwareIntrinsics=AVX2+BMI1+BMI2+F16C+FMA+LZCNT+MOVBE,AVX,SSE3+SSSE3+SSE4.1+SSE4.2+POPCNT,X86Base+SSE+SSE2,AES+PCLMUL VectorSize=256
// Job: Job-JTGOSM(OutlierMode=DontRemove, IterationCount=10, IterationTime=250ms, LaunchCount=1, WarmupCount=3)

StreamFrame socket: receive=65536, send=65536, NoDelay=False, KeepAlive=0
StreamFrame socket: receive=65536, send=65536, NoDelay=False, KeepAlive=0
OverheadJitting  1: 256 op, 148600.00 ns, 580.4688 ns/op
WorkloadJitting  1: 256 op, 42607000.00 ns, 166.4336 us/op

WorkloadPilot    1: 1024 op, 130429300.00 ns, 127.3724 us/op
WorkloadPilot    2: 2048 op, 215898100.00 ns, 105.4190 us/op

WorkloadWarmup   1: 2048 op, 248014200.00 ns, 121.1007 us/op
WorkloadWarmup   2: 2048 op, 195789500.00 ns, 95.6003 us/op
WorkloadWarmup   3: 2048 op, 227520000.00 ns, 111.0938 us/op

// BeforeActualRun
WorkloadActual   1: 2048 op, 228953200.00 ns, 111.7936 us/op
WorkloadActual   2: 2048 op, 230024100.00 ns, 112.3165 us/op
WorkloadActual   3: 2048 op, 237488400.00 ns, 115.9611 us/op
WorkloadActual   4: 2048 op, 318488500.00 ns, 155.5120 us/op
WorkloadActual   5: 2048 op, 288891000.00 ns, 141.0601 us/op
WorkloadActual   6: 2048 op, 240087100.00 ns, 117.2300 us/op
WorkloadActual   7: 2048 op, 158924800.00 ns, 77.6000 us/op
WorkloadActual   8: 2048 op, 141516800.00 ns, 69.1000 us/op
WorkloadActual   9: 2048 op, 202533300.00 ns, 98.8932 us/op
WorkloadActual  10: 2048 op, 206407600.00 ns, 100.7850 us/op

// AfterActualRun
WorkloadResult   1: 2048 op, 228953200.00 ns, 111.7936 us/op
WorkloadResult   2: 2048 op, 230024100.00 ns, 112.3165 us/op
WorkloadResult   3: 2048 op, 237488400.00 ns, 115.9611 us/op
WorkloadResult   4: 2048 op, 318488500.00 ns, 155.5120 us/op
WorkloadResult   5: 2048 op, 288891000.00 ns, 141.0601 us/op
WorkloadResult   6: 2048 op, 240087100.00 ns, 117.2300 us/op
WorkloadResult   7: 2048 op, 158924800.00 ns, 77.6000 us/op
WorkloadResult   8: 2048 op, 141516800.00 ns, 69.1000 us/op
WorkloadResult   9: 2048 op, 202533300.00 ns, 98.8932 us/op
WorkloadResult  10: 2048 op, 206407600.00 ns, 100.7850 us/op
// GC:  73 73 73 271159344 2048
// Threading:  6422 0 2048

// AfterAll
// Benchmark Process 69592 has exited with code 0.

Mean = 110.025 μs, StdErr = 8.208 μs (7.46%), N = 10, StdDev = 25.956 μs
Min = 69.100 μs, Q1 = 99.366 μs, Median = 112.055 μs, Q3 = 116.913 μs, Max = 155.512 μs
IQR = 17.547 μs, LowerFence = 73.046 μs, UpperFence = 143.233 μs
ConfidenceInterval = [70.784 μs; 149.266 μs] (CI 99.9%), Margin = 39.241 μs (35.67% of Mean)
Skewness = 0.11, Kurtosis = 2.02, MValue = 2.33

// ** Remained 18 (50.0%) benchmark(s) to run. Estimated finish 2026-09-08 18:10 (0h 1m from now) **
Setup power plan (GUID: 8c5e7fda-e8bf-4a96-9a85-a6e23a8c635c FriendlyName: 高性能)
// **************************
// Benchmark: OneWayThroughputBenchmarks.Transfer: Job-JTGOSM(OutlierMode=DontRemove, IterationCount=10, IterationTime=250ms, LaunchCount=1, WarmupCount=3) [Framer=StxEtx, PayloadBytes=64, CodecMode=Bytes, Transport=DirectTcp]
// *** Execute ***
// Launch: 1 / 1
// Execute: dotnet StreamFrame.Benchmarks-Job-JTGOSM-1.dll --anonymousPipes 1532 1168 --benchmarkName "StreamFrame.Benchmarks.OneWayThroughputBenchmarks.Transfer(Framer: \"StxEtx\", PayloadBytes: 64, CodecMode: \"Bytes\", Transport: \"DirectTcp\")" --job "OutlierMode=DontRemove, IterationCount=10, IterationTime=250ms, LaunchCount=1, WarmupCount=3" --benchmarkId 18 in C:\Users\Marci\.codex\worktrees\03bd\StreamFrame\bench\StreamFrame.Benchmarks\bin\Release\net10.0\StreamFrame.Benchmarks-Job-JTGOSM-1\bin\Release\net10.0
// BeforeAnythingElse

// Benchmark Process Environment Information:
// BenchmarkDotNet v0.15.8
// Runtime=.NET 10.0.11 (10.0.11, 10.0.1126.37416), X64 RyuJIT x86-64-v3
// GC=Concurrent Workstation
// HardwareIntrinsics=AVX2+BMI1+BMI2+F16C+FMA+LZCNT+MOVBE,AVX,SSE3+SSSE3+SSE4.1+SSE4.2+POPCNT,X86Base+SSE+SSE2,AES+PCLMUL VectorSize=256
// Job: Job-JTGOSM(OutlierMode=DontRemove, IterationCount=10, IterationTime=250ms, LaunchCount=1, WarmupCount=3)

Direct TCP socket: receive=65536, send=65536, NoDelay=False, KeepAlive=false
Direct TCP socket: receive=65536, send=65536, NoDelay=False, KeepAlive=false
OverheadJitting  1: 256 op, 134700.00 ns, 526.1719 ns/op
WorkloadJitting  1: 256 op, 11023700.00 ns, 43.0613 us/op

OverheadJitting  2: 4096 op, 259500.00 ns, 63.3545 ns/op
WorkloadJitting  2: 4096 op, 50799200.00 ns, 12.4021 us/op

WorkloadPilot    1: 4096 op, 48175400.00 ns, 11.7616 us/op
WorkloadPilot    2: 24576 op, 623313200.00 ns, 25.3627 us/op
WorkloadPilot    3: 12288 op, 150399900.00 ns, 12.2396 us/op
WorkloadPilot    4: 20480 op, 275259800.00 ns, 13.4404 us/op

OverheadWarmup   1: 20480 op, 2000.00 ns, 0.0977 ns/op
OverheadWarmup   2: 20480 op, 900.00 ns, 0.0439 ns/op
OverheadWarmup   3: 20480 op, 800.00 ns, 0.0391 ns/op
OverheadWarmup   4: 20480 op, 800.00 ns, 0.0391 ns/op
OverheadWarmup   5: 20480 op, 600.00 ns, 0.0293 ns/op
OverheadWarmup   6: 20480 op, 600.00 ns, 0.0293 ns/op
OverheadWarmup   7: 20480 op, 600.00 ns, 0.0293 ns/op

OverheadActual   1: 20480 op, 800.00 ns, 0.0391 ns/op
OverheadActual   2: 20480 op, 1300.00 ns, 0.0635 ns/op
OverheadActual   3: 20480 op, 1000.00 ns, 0.0488 ns/op
OverheadActual   4: 20480 op, 600.00 ns, 0.0293 ns/op
OverheadActual   5: 20480 op, 500.00 ns, 0.0244 ns/op
OverheadActual   6: 20480 op, 600.00 ns, 0.0293 ns/op
OverheadActual   7: 20480 op, 500.00 ns, 0.0244 ns/op
OverheadActual   8: 20480 op, 600.00 ns, 0.0293 ns/op
OverheadActual   9: 20480 op, 600.00 ns, 0.0293 ns/op
OverheadActual  10: 20480 op, 600.00 ns, 0.0293 ns/op
OverheadActual  11: 20480 op, 500.00 ns, 0.0244 ns/op
OverheadActual  12: 20480 op, 500.00 ns, 0.0244 ns/op
OverheadActual  13: 20480 op, 700.00 ns, 0.0342 ns/op
OverheadActual  14: 20480 op, 500.00 ns, 0.0244 ns/op
OverheadActual  15: 20480 op, 600.00 ns, 0.0293 ns/op
OverheadActual  16: 20480 op, 500.00 ns, 0.0244 ns/op
OverheadActual  17: 20480 op, 500.00 ns, 0.0244 ns/op
OverheadActual  18: 20480 op, 500.00 ns, 0.0244 ns/op
OverheadActual  19: 20480 op, 500.00 ns, 0.0244 ns/op
OverheadActual  20: 20480 op, 500.00 ns, 0.0244 ns/op

WorkloadWarmup   1: 20480 op, 527087100.00 ns, 25.7367 us/op
WorkloadWarmup   2: 20480 op, 284795500.00 ns, 13.9060 us/op
WorkloadWarmup   3: 20480 op, 580687200.00 ns, 28.3539 us/op

// BeforeActualRun
WorkloadActual   1: 20480 op, 515103200.00 ns, 25.1515 us/op
WorkloadActual   2: 20480 op, 831260200.00 ns, 40.5889 us/op
WorkloadActual   3: 20480 op, 259117100.00 ns, 12.6522 us/op
WorkloadActual   4: 20480 op, 240973300.00 ns, 11.7663 us/op
WorkloadActual   5: 20480 op, 243847900.00 ns, 11.9066 us/op
WorkloadActual   6: 20480 op, 228282400.00 ns, 11.1466 us/op
WorkloadActual   7: 20480 op, 830853900.00 ns, 40.5690 us/op
WorkloadActual   8: 20480 op, 207963800.00 ns, 10.1545 us/op
WorkloadActual   9: 20480 op, 534658200.00 ns, 26.1064 us/op
WorkloadActual  10: 20480 op, 243993000.00 ns, 11.9137 us/op

// AfterActualRun
WorkloadResult   1: 20480 op, 515102650.00 ns, 25.1515 us/op
WorkloadResult   2: 20480 op, 831259650.00 ns, 40.5889 us/op
WorkloadResult   3: 20480 op, 259116550.00 ns, 12.6522 us/op
WorkloadResult   4: 20480 op, 240972750.00 ns, 11.7662 us/op
WorkloadResult   5: 20480 op, 243847350.00 ns, 11.9066 us/op
WorkloadResult   6: 20480 op, 228281850.00 ns, 11.1466 us/op
WorkloadResult   7: 20480 op, 830853350.00 ns, 40.5690 us/op
WorkloadResult   8: 20480 op, 207963250.00 ns, 10.1545 us/op
WorkloadResult   9: 20480 op, 534657650.00 ns, 26.1063 us/op
WorkloadResult  10: 20480 op, 243992450.00 ns, 11.9137 us/op
// GC:  0 0 0 4345272 20480
// Threading:  14298 0 20480

// AfterAll
// Benchmark Process 53836 has exited with code 0.

Mean = 20.196 μs, StdErr = 3.856 μs (19.10%), N = 10, StdDev = 12.195 μs
Min = 10.154 μs, Q1 = 11.801 μs, Median = 12.283 μs, Q3 = 25.868 μs, Max = 40.589 μs
IQR = 14.066 μs, LowerFence = -9.298 μs, UpperFence = 46.967 μs
ConfidenceInterval = [1.759 μs; 38.632 μs] (CI 99.9%), Margin = 18.437 μs (91.29% of Mean)
Skewness = 0.74, Kurtosis = 1.73, MValue = 2.67

// ** Remained 17 (47.2%) benchmark(s) to run. Estimated finish 2026-09-08 18:10 (0h 1m from now) **
Setup power plan (GUID: 8c5e7fda-e8bf-4a96-9a85-a6e23a8c635c FriendlyName: 高性能)
// **************************
// Benchmark: OneWayThroughputBenchmarks.Transfer: Job-JTGOSM(OutlierMode=DontRemove, IterationCount=10, IterationTime=250ms, LaunchCount=1, WarmupCount=3) [Framer=StxEtx, PayloadBytes=64, CodecMode=Bytes, Transport=StreamFrame]
// *** Execute ***
// Launch: 1 / 1
// Execute: dotnet StreamFrame.Benchmarks-Job-JTGOSM-1.dll --anonymousPipes 1628 1580 --benchmarkName "StreamFrame.Benchmarks.OneWayThroughputBenchmarks.Transfer(Framer: \"StxEtx\", PayloadBytes: 64, CodecMode: \"Bytes\", Transport: \"StreamFrame\")" --job "OutlierMode=DontRemove, IterationCount=10, IterationTime=250ms, LaunchCount=1, WarmupCount=3" --benchmarkId 19 in C:\Users\Marci\.codex\worktrees\03bd\StreamFrame\bench\StreamFrame.Benchmarks\bin\Release\net10.0\StreamFrame.Benchmarks-Job-JTGOSM-1\bin\Release\net10.0
// BeforeAnythingElse

// Benchmark Process Environment Information:
// BenchmarkDotNet v0.15.8
// Runtime=.NET 10.0.11 (10.0.11, 10.0.1126.37416), X64 RyuJIT x86-64-v3
// GC=Concurrent Workstation
// HardwareIntrinsics=AVX2+BMI1+BMI2+F16C+FMA+LZCNT+MOVBE,AVX,SSE3+SSSE3+SSE4.1+SSE4.2+POPCNT,X86Base+SSE+SSE2,AES+PCLMUL VectorSize=256
// Job: Job-JTGOSM(OutlierMode=DontRemove, IterationCount=10, IterationTime=250ms, LaunchCount=1, WarmupCount=3)

StreamFrame socket: receive=65536, send=65536, NoDelay=False, KeepAlive=0
StreamFrame socket: receive=65536, send=65536, NoDelay=False, KeepAlive=0
OverheadJitting  1: 256 op, 118300.00 ns, 462.1094 ns/op
WorkloadJitting  1: 256 op, 21659600.00 ns, 84.6078 us/op

WorkloadPilot    1: 1024 op, 11937900.00 ns, 11.6581 us/op
WorkloadPilot    2: 21504 op, 931860300.00 ns, 43.3343 us/op
WorkloadPilot    3: 5888 op, 89499000.00 ns, 15.2002 us/op
WorkloadPilot    4: 16384 op, 314923500.00 ns, 19.2214 us/op
WorkloadPilot    5: 13056 op, 216359300.00 ns, 16.5716 us/op
WorkloadPilot    6: 15104 op, 220834500.00 ns, 14.6209 us/op
WorkloadPilot    7: 17152 op, 268153800.00 ns, 15.6340 us/op

WorkloadWarmup   1: 17152 op, 823722000.00 ns, 48.0248 us/op
WorkloadWarmup   2: 17152 op, 537144100.00 ns, 31.3167 us/op
WorkloadWarmup   3: 17152 op, 517539600.00 ns, 30.1737 us/op

// BeforeActualRun
WorkloadActual   1: 17152 op, 233039400.00 ns, 13.5867 us/op
WorkloadActual   2: 17152 op, 521021900.00 ns, 30.3767 us/op
WorkloadActual   3: 17152 op, 545752400.00 ns, 31.8186 us/op
WorkloadActual   4: 17152 op, 225978400.00 ns, 13.1750 us/op
WorkloadActual   5: 17152 op, 221018900.00 ns, 12.8859 us/op
WorkloadActual   6: 17152 op, 226456300.00 ns, 13.2029 us/op
WorkloadActual   7: 17152 op, 215702000.00 ns, 12.5759 us/op
WorkloadActual   8: 17152 op, 215794400.00 ns, 12.5813 us/op
WorkloadActual   9: 17152 op, 538028500.00 ns, 31.3683 us/op
WorkloadActual  10: 17152 op, 207302800.00 ns, 12.0862 us/op

// AfterActualRun
WorkloadResult   1: 17152 op, 233039400.00 ns, 13.5867 us/op
WorkloadResult   2: 17152 op, 521021900.00 ns, 30.3767 us/op
WorkloadResult   3: 17152 op, 545752400.00 ns, 31.8186 us/op
WorkloadResult   4: 17152 op, 225978400.00 ns, 13.1750 us/op
WorkloadResult   5: 17152 op, 221018900.00 ns, 12.8859 us/op
WorkloadResult   6: 17152 op, 226456300.00 ns, 13.2029 us/op
WorkloadResult   7: 17152 op, 215702000.00 ns, 12.5759 us/op
WorkloadResult   8: 17152 op, 215794400.00 ns, 12.5813 us/op
WorkloadResult   9: 17152 op, 538028500.00 ns, 31.3683 us/op
WorkloadResult  10: 17152 op, 207302800.00 ns, 12.0862 us/op
// GC:  1 0 0 11234408 17152
// Threading:  41897 1 17152

// AfterAll
// Benchmark Process 59588 has exited with code 0.

Mean = 18.366 μs, StdErr = 2.803 μs (15.26%), N = 10, StdDev = 8.864 μs
Min = 12.086 μs, Q1 = 12.657 μs, Median = 13.189 μs, Q3 = 26.179 μs, Max = 31.819 μs
IQR = 13.522 μs, LowerFence = -7.625 μs, UpperFence = 46.462 μs
ConfidenceInterval = [4.964 μs; 31.767 μs] (CI 99.9%), Margin = 13.402 μs (72.97% of Mean)
Skewness = 0.74, Kurtosis = 1.44, MValue = 2.86

// ** Remained 16 (44.4%) benchmark(s) to run. Estimated finish 2026-09-08 18:10 (0h 1m from now) **
Setup power plan (GUID: 8c5e7fda-e8bf-4a96-9a85-a6e23a8c635c FriendlyName: 高性能)
// **************************
// Benchmark: OneWayThroughputBenchmarks.Transfer: Job-JTGOSM(OutlierMode=DontRemove, IterationCount=10, IterationTime=250ms, LaunchCount=1, WarmupCount=3) [Framer=StxEtx, PayloadBytes=64, CodecMode=StringAlloc, Transport=DirectTcp]
// *** Execute ***
// Launch: 1 / 1
// Execute: dotnet StreamFrame.Benchmarks-Job-JTGOSM-1.dll --anonymousPipes 1532 1472 --benchmarkName "StreamFrame.Benchmarks.OneWayThroughputBenchmarks.Transfer(Framer: \"StxEtx\", PayloadBytes: 64, CodecMode: \"StringAlloc\", Transport: \"DirectTcp\")" --job "OutlierMode=DontRemove, IterationCount=10, IterationTime=250ms, LaunchCount=1, WarmupCount=3" --benchmarkId 20 in C:\Users\Marci\.codex\worktrees\03bd\StreamFrame\bench\StreamFrame.Benchmarks\bin\Release\net10.0\StreamFrame.Benchmarks-Job-JTGOSM-1\bin\Release\net10.0
// BeforeAnythingElse

// Benchmark Process Environment Information:
// BenchmarkDotNet v0.15.8
// Runtime=.NET 10.0.11 (10.0.11, 10.0.1126.37416), X64 RyuJIT x86-64-v3
// GC=Concurrent Workstation
// HardwareIntrinsics=AVX2+BMI1+BMI2+F16C+FMA+LZCNT+MOVBE,AVX,SSE3+SSSE3+SSE4.1+SSE4.2+POPCNT,X86Base+SSE+SSE2,AES+PCLMUL VectorSize=256
// Job: Job-JTGOSM(OutlierMode=DontRemove, IterationCount=10, IterationTime=250ms, LaunchCount=1, WarmupCount=3)

Direct TCP socket: receive=65536, send=65536, NoDelay=False, KeepAlive=false
Direct TCP socket: receive=65536, send=65536, NoDelay=False, KeepAlive=false
OverheadJitting  1: 256 op, 139700.00 ns, 545.7031 ns/op
WorkloadJitting  1: 256 op, 8618800.00 ns, 33.6672 us/op

OverheadJitting  2: 4096 op, 281200.00 ns, 68.6523 ns/op
WorkloadJitting  2: 4096 op, 53990700.00 ns, 13.1813 us/op

WorkloadPilot    1: 4096 op, 55543000.00 ns, 13.5603 us/op
WorkloadPilot    2: 20480 op, 292067600.00 ns, 14.2611 us/op

OverheadWarmup   1: 20480 op, 1300.00 ns, 0.0635 ns/op
OverheadWarmup   2: 20480 op, 900.00 ns, 0.0439 ns/op
OverheadWarmup   3: 20480 op, 1300.00 ns, 0.0635 ns/op
OverheadWarmup   4: 20480 op, 600.00 ns, 0.0293 ns/op
OverheadWarmup   5: 20480 op, 500.00 ns, 0.0244 ns/op
OverheadWarmup   6: 20480 op, 400.00 ns, 0.0195 ns/op
OverheadWarmup   7: 20480 op, 500.00 ns, 0.0244 ns/op
OverheadWarmup   8: 20480 op, 500.00 ns, 0.0244 ns/op

OverheadActual   1: 20480 op, 800.00 ns, 0.0391 ns/op
OverheadActual   2: 20480 op, 800.00 ns, 0.0391 ns/op
OverheadActual   3: 20480 op, 1000.00 ns, 0.0488 ns/op
OverheadActual   4: 20480 op, 500.00 ns, 0.0244 ns/op
OverheadActual   5: 20480 op, 700.00 ns, 0.0342 ns/op
OverheadActual   6: 20480 op, 500.00 ns, 0.0244 ns/op
OverheadActual   7: 20480 op, 500.00 ns, 0.0244 ns/op
OverheadActual   8: 20480 op, 600.00 ns, 0.0293 ns/op
OverheadActual   9: 20480 op, 800.00 ns, 0.0391 ns/op
OverheadActual  10: 20480 op, 500.00 ns, 0.0244 ns/op
OverheadActual  11: 20480 op, 600.00 ns, 0.0293 ns/op
OverheadActual  12: 20480 op, 500.00 ns, 0.0244 ns/op
OverheadActual  13: 20480 op, 500.00 ns, 0.0244 ns/op
OverheadActual  14: 20480 op, 500.00 ns, 0.0244 ns/op
OverheadActual  15: 20480 op, 500.00 ns, 0.0244 ns/op
OverheadActual  16: 20480 op, 600.00 ns, 0.0293 ns/op
OverheadActual  17: 20480 op, 500.00 ns, 0.0244 ns/op
OverheadActual  18: 20480 op, 500.00 ns, 0.0244 ns/op
OverheadActual  19: 20480 op, 500.00 ns, 0.0244 ns/op
OverheadActual  20: 20480 op, 500.00 ns, 0.0244 ns/op

WorkloadWarmup   1: 20480 op, 281107500.00 ns, 13.7260 us/op
WorkloadWarmup   2: 20480 op, 567570500.00 ns, 27.7134 us/op
WorkloadWarmup   3: 20480 op, 248260700.00 ns, 12.1221 us/op

// BeforeActualRun
WorkloadActual   1: 20480 op, 219659200.00 ns, 10.7255 us/op
WorkloadActual   2: 20480 op, 212444600.00 ns, 10.3733 us/op
WorkloadActual   3: 20480 op, 520386900.00 ns, 25.4095 us/op
WorkloadActual   4: 20480 op, 1132393600.00 ns, 55.2927 us/op
WorkloadActual   5: 20480 op, 564609400.00 ns, 27.5688 us/op
WorkloadActual   6: 20480 op, 532542900.00 ns, 26.0031 us/op
WorkloadActual   7: 20480 op, 537450400.00 ns, 26.2427 us/op
WorkloadActual   8: 20480 op, 285699800.00 ns, 13.9502 us/op
WorkloadActual   9: 20480 op, 214827200.00 ns, 10.4896 us/op
WorkloadActual  10: 20480 op, 263283600.00 ns, 12.8556 us/op

// AfterActualRun
WorkloadResult   1: 20480 op, 219658700.00 ns, 10.7255 us/op
WorkloadResult   2: 20480 op, 212444100.00 ns, 10.3732 us/op
WorkloadResult   3: 20480 op, 520386400.00 ns, 25.4095 us/op
WorkloadResult   4: 20480 op, 1132393100.00 ns, 55.2926 us/op
WorkloadResult   5: 20480 op, 564608900.00 ns, 27.5688 us/op
WorkloadResult   6: 20480 op, 532542400.00 ns, 26.0030 us/op
WorkloadResult   7: 20480 op, 537449900.00 ns, 26.2427 us/op
WorkloadResult   8: 20480 op, 285699300.00 ns, 13.9502 us/op
WorkloadResult   9: 20480 op, 214826700.00 ns, 10.4896 us/op
WorkloadResult  10: 20480 op, 263283100.00 ns, 12.8556 us/op
// GC:  0 0 0 7274136 20480
// Threading:  12833 1 20480

// AfterAll
// Benchmark Process 29260 has exited with code 0.

Mean = 21.891 μs, StdErr = 4.382 μs (20.02%), N = 10, StdDev = 13.857 μs
Min = 10.373 μs, Q1 = 11.258 μs, Median = 19.680 μs, Q3 = 26.183 μs, Max = 55.293 μs
IQR = 14.925 μs, LowerFence = -11.129 μs, UpperFence = 48.570 μs
ConfidenceInterval = [0.941 μs; 42.841 μs] (CI 99.9%), Margin = 20.950 μs (95.70% of Mean)
Skewness = 1.2, Kurtosis = 3.55, MValue = 3.6

// ** Remained 15 (41.7%) benchmark(s) to run. Estimated finish 2026-09-08 18:10 (0h 1m from now) **
Setup power plan (GUID: 8c5e7fda-e8bf-4a96-9a85-a6e23a8c635c FriendlyName: 高性能)
// **************************
// Benchmark: OneWayThroughputBenchmarks.Transfer: Job-JTGOSM(OutlierMode=DontRemove, IterationCount=10, IterationTime=250ms, LaunchCount=1, WarmupCount=3) [Framer=StxEtx, PayloadBytes=64, CodecMode=StringAlloc, Transport=StreamFrame]
// *** Execute ***
// Launch: 1 / 1
// Execute: dotnet StreamFrame.Benchmarks-Job-JTGOSM-1.dll --anonymousPipes 1596 1636 --benchmarkName "StreamFrame.Benchmarks.OneWayThroughputBenchmarks.Transfer(Framer: \"StxEtx\", PayloadBytes: 64, CodecMode: \"StringAlloc\", Transport: \"StreamFrame\")" --job "OutlierMode=DontRemove, IterationCount=10, IterationTime=250ms, LaunchCount=1, WarmupCount=3" --benchmarkId 21 in C:\Users\Marci\.codex\worktrees\03bd\StreamFrame\bench\StreamFrame.Benchmarks\bin\Release\net10.0\StreamFrame.Benchmarks-Job-JTGOSM-1\bin\Release\net10.0
// BeforeAnythingElse

// Benchmark Process Environment Information:
// BenchmarkDotNet v0.15.8
// Runtime=.NET 10.0.11 (10.0.11, 10.0.1126.37416), X64 RyuJIT x86-64-v3
// GC=Concurrent Workstation
// HardwareIntrinsics=AVX2+BMI1+BMI2+F16C+FMA+LZCNT+MOVBE,AVX,SSE3+SSSE3+SSE4.1+SSE4.2+POPCNT,X86Base+SSE+SSE2,AES+PCLMUL VectorSize=256
// Job: Job-JTGOSM(OutlierMode=DontRemove, IterationCount=10, IterationTime=250ms, LaunchCount=1, WarmupCount=3)

StreamFrame socket: receive=65536, send=65536, NoDelay=False, KeepAlive=0
StreamFrame socket: receive=65536, send=65536, NoDelay=False, KeepAlive=0
OverheadJitting  1: 256 op, 212200.00 ns, 828.9063 ns/op
WorkloadJitting  1: 256 op, 18343500.00 ns, 71.6543 us/op

WorkloadPilot    1: 1024 op, 12996800.00 ns, 12.6922 us/op
WorkloadPilot    2: 19712 op, 309649800.00 ns, 15.7087 us/op
WorkloadPilot    3: 15872 op, 609067900.00 ns, 38.3737 us/op
WorkloadPilot    4: 6400 op, 95539800.00 ns, 14.9281 us/op
WorkloadPilot    5: 16640 op, 528214600.00 ns, 31.7437 us/op

WorkloadWarmup   1: 16640 op, 219077100.00 ns, 13.1657 us/op
WorkloadWarmup   2: 16640 op, 1104660000.00 ns, 66.3858 us/op
WorkloadWarmup   3: 16640 op, 516529700.00 ns, 31.0414 us/op

// BeforeActualRun
WorkloadActual   1: 16640 op, 199108200.00 ns, 11.9656 us/op
WorkloadActual   2: 16640 op, 503980700.00 ns, 30.2873 us/op
WorkloadActual   3: 16640 op, 203478900.00 ns, 12.2283 us/op
WorkloadActual   4: 16640 op, 217920100.00 ns, 13.0962 us/op
WorkloadActual   5: 16640 op, 207864400.00 ns, 12.4919 us/op
WorkloadActual   6: 16640 op, 220046800.00 ns, 13.2240 us/op
WorkloadActual   7: 16640 op, 208951100.00 ns, 12.5572 us/op
WorkloadActual   8: 16640 op, 205153300.00 ns, 12.3289 us/op
WorkloadActual   9: 16640 op, 508526500.00 ns, 30.5605 us/op
WorkloadActual  10: 16640 op, 198327300.00 ns, 11.9187 us/op

// AfterActualRun
WorkloadResult   1: 16640 op, 199108200.00 ns, 11.9656 us/op
WorkloadResult   2: 16640 op, 503980700.00 ns, 30.2873 us/op
WorkloadResult   3: 16640 op, 203478900.00 ns, 12.2283 us/op
WorkloadResult   4: 16640 op, 217920100.00 ns, 13.0962 us/op
WorkloadResult   5: 16640 op, 207864400.00 ns, 12.4919 us/op
WorkloadResult   6: 16640 op, 220046800.00 ns, 13.2240 us/op
WorkloadResult   7: 16640 op, 208951100.00 ns, 12.5572 us/op
WorkloadResult   8: 16640 op, 205153300.00 ns, 12.3289 us/op
WorkloadResult   9: 16640 op, 508526500.00 ns, 30.5605 us/op
WorkloadResult  10: 16640 op, 198327300.00 ns, 11.9187 us/op
// GC:  1 0 0 13005320 16640
// Threading:  38132 6 16640

// AfterAll
// Benchmark Process 69456 has exited with code 0.

Mean = 16.066 μs, StdErr = 2.397 μs (14.92%), N = 10, StdDev = 7.579 μs
Min = 11.919 μs, Q1 = 12.253 μs, Median = 12.525 μs, Q3 = 13.192 μs, Max = 30.560 μs
IQR = 0.939 μs, LowerFence = 10.846 μs, UpperFence = 14.600 μs
ConfidenceInterval = [4.607 μs; 27.525 μs] (CI 99.9%), Margin = 11.459 μs (71.33% of Mean)
Skewness = 1.27, Kurtosis = 2.62, MValue = 2.4

// ** Remained 14 (38.9%) benchmark(s) to run. Estimated finish 2026-09-08 18:10 (0h 1m from now) **
Setup power plan (GUID: 8c5e7fda-e8bf-4a96-9a85-a6e23a8c635c FriendlyName: 高性能)
// **************************
// Benchmark: OneWayThroughputBenchmarks.Transfer: Job-JTGOSM(OutlierMode=DontRemove, IterationCount=10, IterationTime=250ms, LaunchCount=1, WarmupCount=3) [Framer=StxEtx, PayloadBytes=64, CodecMode=StringSpan, Transport=DirectTcp]
// *** Execute ***
// Launch: 1 / 1
// Execute: dotnet StreamFrame.Benchmarks-Job-JTGOSM-1.dll --anonymousPipes 1160 976 --benchmarkName "StreamFrame.Benchmarks.OneWayThroughputBenchmarks.Transfer(Framer: \"StxEtx\", PayloadBytes: 64, CodecMode: \"StringSpan\", Transport: \"DirectTcp\")" --job "OutlierMode=DontRemove, IterationCount=10, IterationTime=250ms, LaunchCount=1, WarmupCount=3" --benchmarkId 22 in C:\Users\Marci\.codex\worktrees\03bd\StreamFrame\bench\StreamFrame.Benchmarks\bin\Release\net10.0\StreamFrame.Benchmarks-Job-JTGOSM-1\bin\Release\net10.0
// BeforeAnythingElse

// Benchmark Process Environment Information:
// BenchmarkDotNet v0.15.8
// Runtime=.NET 10.0.11 (10.0.11, 10.0.1126.37416), X64 RyuJIT x86-64-v3
// GC=Concurrent Workstation
// HardwareIntrinsics=AVX2+BMI1+BMI2+F16C+FMA+LZCNT+MOVBE,AVX,SSE3+SSSE3+SSE4.1+SSE4.2+POPCNT,X86Base+SSE+SSE2,AES+PCLMUL VectorSize=256
// Job: Job-JTGOSM(OutlierMode=DontRemove, IterationCount=10, IterationTime=250ms, LaunchCount=1, WarmupCount=3)

Direct TCP socket: receive=65536, send=65536, NoDelay=False, KeepAlive=false
Direct TCP socket: receive=65536, send=65536, NoDelay=False, KeepAlive=false
OverheadJitting  1: 256 op, 124100.00 ns, 484.7656 ns/op
WorkloadJitting  1: 256 op, 8639800.00 ns, 33.7492 us/op

OverheadJitting  2: 4096 op, 201200.00 ns, 49.1211 ns/op
WorkloadJitting  2: 4096 op, 61945700.00 ns, 15.1235 us/op

WorkloadPilot    1: 4096 op, 61438100.00 ns, 14.9995 us/op
WorkloadPilot    2: 20480 op, 603645600.00 ns, 29.4749 us/op
WorkloadPilot    3: 12288 op, 171092600.00 ns, 13.9236 us/op
WorkloadPilot    4: 20480 op, 298705300.00 ns, 14.5852 us/op

OverheadWarmup   1: 20480 op, 1900.00 ns, 0.0928 ns/op
OverheadWarmup   2: 20480 op, 800.00 ns, 0.0391 ns/op
OverheadWarmup   3: 20480 op, 600.00 ns, 0.0293 ns/op
OverheadWarmup   4: 20480 op, 600.00 ns, 0.0293 ns/op
OverheadWarmup   5: 20480 op, 600.00 ns, 0.0293 ns/op
OverheadWarmup   6: 20480 op, 800.00 ns, 0.0391 ns/op
OverheadWarmup   7: 20480 op, 8000.00 ns, 0.3906 ns/op
OverheadWarmup   8: 20480 op, 700.00 ns, 0.0342 ns/op

OverheadActual   1: 20480 op, 900.00 ns, 0.0439 ns/op
OverheadActual   2: 20480 op, 900.00 ns, 0.0439 ns/op
OverheadActual   3: 20480 op, 700.00 ns, 0.0342 ns/op
OverheadActual   4: 20480 op, 600.00 ns, 0.0293 ns/op
OverheadActual   5: 20480 op, 700.00 ns, 0.0342 ns/op
OverheadActual   6: 20480 op, 600.00 ns, 0.0293 ns/op
OverheadActual   7: 20480 op, 700.00 ns, 0.0342 ns/op
OverheadActual   8: 20480 op, 600.00 ns, 0.0293 ns/op
OverheadActual   9: 20480 op, 700.00 ns, 0.0342 ns/op
OverheadActual  10: 20480 op, 600.00 ns, 0.0293 ns/op
OverheadActual  11: 20480 op, 600.00 ns, 0.0293 ns/op
OverheadActual  12: 20480 op, 500.00 ns, 0.0244 ns/op
OverheadActual  13: 20480 op, 600.00 ns, 0.0293 ns/op
OverheadActual  14: 20480 op, 500.00 ns, 0.0244 ns/op
OverheadActual  15: 20480 op, 500.00 ns, 0.0244 ns/op
OverheadActual  16: 20480 op, 600.00 ns, 0.0293 ns/op
OverheadActual  17: 20480 op, 600.00 ns, 0.0293 ns/op
OverheadActual  18: 20480 op, 500.00 ns, 0.0244 ns/op
OverheadActual  19: 20480 op, 600.00 ns, 0.0293 ns/op
OverheadActual  20: 20480 op, 600.00 ns, 0.0293 ns/op

WorkloadWarmup   1: 20480 op, 569852900.00 ns, 27.8248 us/op
WorkloadWarmup   2: 20480 op, 212870800.00 ns, 10.3941 us/op
WorkloadWarmup   3: 20480 op, 211914200.00 ns, 10.3474 us/op

// BeforeActualRun
WorkloadActual   1: 20480 op, 240682500.00 ns, 11.7521 us/op
WorkloadActual   2: 20480 op, 542357400.00 ns, 26.4823 us/op
WorkloadActual   3: 20480 op, 242080900.00 ns, 11.8204 us/op
WorkloadActual   4: 20480 op, 260421600.00 ns, 12.7159 us/op
WorkloadActual   5: 20480 op, 339630100.00 ns, 16.5835 us/op
WorkloadActual   6: 20480 op, 319800000.00 ns, 15.6152 us/op
WorkloadActual   7: 20480 op, 260650900.00 ns, 12.7271 us/op
WorkloadActual   8: 20480 op, 518640600.00 ns, 25.3242 us/op
WorkloadActual   9: 20480 op, 216531200.00 ns, 10.5728 us/op
WorkloadActual  10: 20480 op, 578440400.00 ns, 28.2442 us/op

// AfterActualRun
WorkloadResult   1: 20480 op, 240681900.00 ns, 11.7520 us/op
WorkloadResult   2: 20480 op, 542356800.00 ns, 26.4823 us/op
WorkloadResult   3: 20480 op, 242080300.00 ns, 11.8203 us/op
WorkloadResult   4: 20480 op, 260421000.00 ns, 12.7159 us/op
WorkloadResult   5: 20480 op, 339629500.00 ns, 16.5835 us/op
WorkloadResult   6: 20480 op, 319799400.00 ns, 15.6152 us/op
WorkloadResult   7: 20480 op, 260650300.00 ns, 12.7271 us/op
WorkloadResult   8: 20480 op, 518640000.00 ns, 25.3242 us/op
WorkloadResult   9: 20480 op, 216530600.00 ns, 10.5728 us/op
WorkloadResult  10: 20480 op, 578439800.00 ns, 28.2441 us/op
// GC:  0 0 0 5557808 20480
// Threading:  13537 0 20480

// AfterAll
// Benchmark Process 34544 has exited with code 0.

Mean = 17.184 μs, StdErr = 2.159 μs (12.57%), N = 10, StdDev = 6.829 μs
Min = 10.573 μs, Q1 = 12.044 μs, Median = 14.171 μs, Q3 = 23.139 μs, Max = 28.244 μs
IQR = 11.095 μs, LowerFence = -4.598 μs, UpperFence = 39.781 μs
ConfidenceInterval = [6.860 μs; 27.508 μs] (CI 99.9%), Margin = 10.324 μs (60.08% of Mean)
Skewness = 0.6, Kurtosis = 1.44, MValue = 2.86

// ** Remained 13 (36.1%) benchmark(s) to run. Estimated finish 2026-09-08 18:10 (0h 1m from now) **
Setup power plan (GUID: 8c5e7fda-e8bf-4a96-9a85-a6e23a8c635c FriendlyName: 高性能)
// **************************
// Benchmark: OneWayThroughputBenchmarks.Transfer: Job-JTGOSM(OutlierMode=DontRemove, IterationCount=10, IterationTime=250ms, LaunchCount=1, WarmupCount=3) [Framer=StxEtx, PayloadBytes=64, CodecMode=StringSpan, Transport=StreamFrame]
// *** Execute ***
// Launch: 1 / 1
// Execute: dotnet StreamFrame.Benchmarks-Job-JTGOSM-1.dll --anonymousPipes 1532 1596 --benchmarkName "StreamFrame.Benchmarks.OneWayThroughputBenchmarks.Transfer(Framer: \"StxEtx\", PayloadBytes: 64, CodecMode: \"StringSpan\", Transport: \"StreamFrame\")" --job "OutlierMode=DontRemove, IterationCount=10, IterationTime=250ms, LaunchCount=1, WarmupCount=3" --benchmarkId 23 in C:\Users\Marci\.codex\worktrees\03bd\StreamFrame\bench\StreamFrame.Benchmarks\bin\Release\net10.0\StreamFrame.Benchmarks-Job-JTGOSM-1\bin\Release\net10.0
// BeforeAnythingElse

// Benchmark Process Environment Information:
// BenchmarkDotNet v0.15.8
// Runtime=.NET 10.0.11 (10.0.11, 10.0.1126.37416), X64 RyuJIT x86-64-v3
// GC=Concurrent Workstation
// HardwareIntrinsics=AVX2+BMI1+BMI2+F16C+FMA+LZCNT+MOVBE,AVX,SSE3+SSSE3+SSE4.1+SSE4.2+POPCNT,X86Base+SSE+SSE2,AES+PCLMUL VectorSize=256
// Job: Job-JTGOSM(OutlierMode=DontRemove, IterationCount=10, IterationTime=250ms, LaunchCount=1, WarmupCount=3)

StreamFrame socket: receive=65536, send=65536, NoDelay=False, KeepAlive=0
StreamFrame socket: receive=65536, send=65536, NoDelay=False, KeepAlive=0
OverheadJitting  1: 256 op, 202700.00 ns, 791.7969 ns/op
WorkloadJitting  1: 256 op, 19188000.00 ns, 74.9531 us/op

WorkloadPilot    1: 1024 op, 19478700.00 ns, 19.0222 us/op
WorkloadPilot    2: 13056 op, 204809700.00 ns, 15.6870 us/op
WorkloadPilot    3: 15872 op, 263796100.00 ns, 16.6202 us/op
WorkloadPilot    4: 15104 op, 247897000.00 ns, 16.4127 us/op

WorkloadWarmup   1: 15104 op, 239999400.00 ns, 15.8898 us/op
WorkloadWarmup   2: 15104 op, 244515400.00 ns, 16.1888 us/op
WorkloadWarmup   3: 15104 op, 229748100.00 ns, 15.2111 us/op

// BeforeActualRun
WorkloadActual   1: 15104 op, 240659800.00 ns, 15.9335 us/op
WorkloadActual   2: 15104 op, 223422800.00 ns, 14.7923 us/op
WorkloadActual   3: 15104 op, 810511400.00 ns, 53.6620 us/op
WorkloadActual   4: 15104 op, 475750800.00 ns, 31.4983 us/op
WorkloadActual   5: 15104 op, 482161700.00 ns, 31.9228 us/op
WorkloadActual   6: 15104 op, 174060100.00 ns, 11.5241 us/op
WorkloadActual   7: 15104 op, 181150400.00 ns, 11.9935 us/op
WorkloadActual   8: 15104 op, 488764600.00 ns, 32.3599 us/op
WorkloadActual   9: 15104 op, 173156900.00 ns, 11.4643 us/op
WorkloadActual  10: 15104 op, 190582400.00 ns, 12.6180 us/op

// AfterActualRun
WorkloadResult   1: 15104 op, 240659800.00 ns, 15.9335 us/op
WorkloadResult   2: 15104 op, 223422800.00 ns, 14.7923 us/op
WorkloadResult   3: 15104 op, 810511400.00 ns, 53.6620 us/op
WorkloadResult   4: 15104 op, 475750800.00 ns, 31.4983 us/op
WorkloadResult   5: 15104 op, 482161700.00 ns, 31.9228 us/op
WorkloadResult   6: 15104 op, 174060100.00 ns, 11.5241 us/op
WorkloadResult   7: 15104 op, 181150400.00 ns, 11.9935 us/op
WorkloadResult   8: 15104 op, 488764600.00 ns, 32.3599 us/op
WorkloadResult   9: 15104 op, 173156900.00 ns, 11.4643 us/op
WorkloadResult  10: 15104 op, 190582400.00 ns, 12.6180 us/op
// GC:  1 0 0 9923704 15104
// Threading:  31654 5 15104

// AfterAll
// Benchmark Process 35212 has exited with code 0.

Mean = 22.777 μs, StdErr = 4.460 μs (19.58%), N = 10, StdDev = 14.103 μs
Min = 11.464 μs, Q1 = 12.150 μs, Median = 15.363 μs, Q3 = 31.817 μs, Max = 53.662 μs
IQR = 19.667 μs, LowerFence = -17.351 μs, UpperFence = 61.317 μs
ConfidenceInterval = [1.455 μs; 44.099 μs] (CI 99.9%), Margin = 21.322 μs (93.61% of Mean)
Skewness = 0.92, Kurtosis = 2.51, MValue = 2

// ** Remained 12 (33.3%) benchmark(s) to run. Estimated finish 2026-09-08 18:10 (0h 1m from now) **
Setup power plan (GUID: 8c5e7fda-e8bf-4a96-9a85-a6e23a8c635c FriendlyName: 高性能)
// **************************
// Benchmark: OneWayThroughputBenchmarks.Transfer: Job-JTGOSM(OutlierMode=DontRemove, IterationCount=10, IterationTime=250ms, LaunchCount=1, WarmupCount=3) [Framer=StxEtx, PayloadBytes=1024, CodecMode=Bytes, Transport=DirectTcp]
// *** Execute ***
// Launch: 1 / 1
// Execute: dotnet StreamFrame.Benchmarks-Job-JTGOSM-1.dll --anonymousPipes 1532 1596 --benchmarkName "StreamFrame.Benchmarks.OneWayThroughputBenchmarks.Transfer(Framer: \"StxEtx\", PayloadBytes: 1024, CodecMode: \"Bytes\", Transport: \"DirectTcp\")" --job "OutlierMode=DontRemove, IterationCount=10, IterationTime=250ms, LaunchCount=1, WarmupCount=3" --benchmarkId 24 in C:\Users\Marci\.codex\worktrees\03bd\StreamFrame\bench\StreamFrame.Benchmarks\bin\Release\net10.0\StreamFrame.Benchmarks-Job-JTGOSM-1\bin\Release\net10.0
// BeforeAnythingElse

// Benchmark Process Environment Information:
// BenchmarkDotNet v0.15.8
// Runtime=.NET 10.0.11 (10.0.11, 10.0.1126.37416), X64 RyuJIT x86-64-v3
// GC=Concurrent Workstation
// HardwareIntrinsics=AVX2+BMI1+BMI2+F16C+FMA+LZCNT+MOVBE,AVX,SSE3+SSSE3+SSE4.1+SSE4.2+POPCNT,X86Base+SSE+SSE2,AES+PCLMUL VectorSize=256
// Job: Job-JTGOSM(OutlierMode=DontRemove, IterationCount=10, IterationTime=250ms, LaunchCount=1, WarmupCount=3)

Direct TCP socket: receive=65536, send=65536, NoDelay=False, KeepAlive=false
Direct TCP socket: receive=65536, send=65536, NoDelay=False, KeepAlive=false
OverheadJitting  1: 256 op, 135700.00 ns, 530.0781 ns/op
WorkloadJitting  1: 256 op, 9770500.00 ns, 38.1660 us/op

OverheadJitting  2: 4096 op, 188200.00 ns, 45.9473 ns/op
WorkloadJitting  2: 4096 op, 355128900.00 ns, 86.7014 us/op

WorkloadPilot    1: 4096 op, 55752500.00 ns, 13.6115 us/op
WorkloadPilot    2: 20480 op, 872372200.00 ns, 42.5963 us/op
WorkloadPilot    3: 8192 op, 107407200.00 ns, 13.1112 us/op
WorkloadPilot    4: 20480 op, 300551000.00 ns, 14.6753 us/op

OverheadWarmup   1: 20480 op, 3100.00 ns, 0.1514 ns/op
OverheadWarmup   2: 20480 op, 2000.00 ns, 0.0977 ns/op
OverheadWarmup   3: 20480 op, 1100.00 ns, 0.0537 ns/op
OverheadWarmup   4: 20480 op, 1500.00 ns, 0.0732 ns/op
OverheadWarmup   5: 20480 op, 1300.00 ns, 0.0635 ns/op
OverheadWarmup   6: 20480 op, 1500.00 ns, 0.0732 ns/op
OverheadWarmup   7: 20480 op, 1300.00 ns, 0.0635 ns/op

OverheadActual   1: 20480 op, 1700.00 ns, 0.0830 ns/op
OverheadActual   2: 20480 op, 1600.00 ns, 0.0781 ns/op
OverheadActual   3: 20480 op, 1200.00 ns, 0.0586 ns/op
OverheadActual   4: 20480 op, 1100.00 ns, 0.0537 ns/op
OverheadActual   5: 20480 op, 1200.00 ns, 0.0586 ns/op
OverheadActual   6: 20480 op, 1500.00 ns, 0.0732 ns/op
OverheadActual   7: 20480 op, 1300.00 ns, 0.0635 ns/op
OverheadActual   8: 20480 op, 900.00 ns, 0.0439 ns/op
OverheadActual   9: 20480 op, 1700.00 ns, 0.0830 ns/op
OverheadActual  10: 20480 op, 1600.00 ns, 0.0781 ns/op
OverheadActual  11: 20480 op, 800.00 ns, 0.0391 ns/op
OverheadActual  12: 20480 op, 1100.00 ns, 0.0537 ns/op
OverheadActual  13: 20480 op, 700.00 ns, 0.0342 ns/op
OverheadActual  14: 20480 op, 1100.00 ns, 0.0537 ns/op
OverheadActual  15: 20480 op, 1600.00 ns, 0.0781 ns/op
OverheadActual  16: 20480 op, 1600.00 ns, 0.0781 ns/op
OverheadActual  17: 20480 op, 1200.00 ns, 0.0586 ns/op
OverheadActual  18: 20480 op, 1300.00 ns, 0.0635 ns/op
OverheadActual  19: 20480 op, 1400.00 ns, 0.0684 ns/op
OverheadActual  20: 20480 op, 1100.00 ns, 0.0537 ns/op

WorkloadWarmup   1: 20480 op, 600817100.00 ns, 29.3368 us/op
WorkloadWarmup   2: 20480 op, 544672800.00 ns, 26.5954 us/op
WorkloadWarmup   3: 20480 op, 247901100.00 ns, 12.1045 us/op

// BeforeActualRun
WorkloadActual   1: 20480 op, 250973600.00 ns, 12.2546 us/op
WorkloadActual   2: 20480 op, 257166000.00 ns, 12.5569 us/op
WorkloadActual   3: 20480 op, 237137000.00 ns, 11.5790 us/op
WorkloadActual   4: 20480 op, 530254700.00 ns, 25.8913 us/op
WorkloadActual   5: 20480 op, 535386400.00 ns, 26.1419 us/op
WorkloadActual   6: 20480 op, 555400800.00 ns, 27.1192 us/op
WorkloadActual   7: 20480 op, 529810700.00 ns, 25.8697 us/op
WorkloadActual   8: 20480 op, 231727400.00 ns, 11.3148 us/op
WorkloadActual   9: 20480 op, 237429700.00 ns, 11.5932 us/op
WorkloadActual  10: 20480 op, 562983700.00 ns, 27.4894 us/op

// AfterActualRun
WorkloadResult   1: 20480 op, 250972350.00 ns, 12.2545 us/op
WorkloadResult   2: 20480 op, 257164750.00 ns, 12.5569 us/op
WorkloadResult   3: 20480 op, 237135750.00 ns, 11.5789 us/op
WorkloadResult   4: 20480 op, 530253450.00 ns, 25.8913 us/op
WorkloadResult   5: 20480 op, 535385150.00 ns, 26.1419 us/op
WorkloadResult   6: 20480 op, 555399550.00 ns, 27.1191 us/op
WorkloadResult   7: 20480 op, 529809450.00 ns, 25.8696 us/op
WorkloadResult   8: 20480 op, 231726150.00 ns, 11.3148 us/op
WorkloadResult   9: 20480 op, 237428450.00 ns, 11.5932 us/op
WorkloadResult  10: 20480 op, 562982450.00 ns, 27.4894 us/op
// GC:  2 0 0 23310464 20480
// Threading:  8784 2 20480

// AfterAll
// Benchmark Process 17680 has exited with code 0.

Mean = 19.181 μs, StdErr = 2.448 μs (12.76%), N = 10, StdDev = 7.741 μs
Min = 11.315 μs, Q1 = 11.759 μs, Median = 19.213 μs, Q3 = 26.079 μs, Max = 27.489 μs
IQR = 14.321 μs, LowerFence = -9.723 μs, UpperFence = 47.560 μs
ConfidenceInterval = [7.477 μs; 30.885 μs] (CI 99.9%), Margin = 11.704 μs (61.02% of Mean)
Skewness = 0.01, Kurtosis = 0.83, MValue = 4

// ** Remained 11 (30.6%) benchmark(s) to run. Estimated finish 2026-09-08 18:10 (0h 1m from now) **
Setup power plan (GUID: 8c5e7fda-e8bf-4a96-9a85-a6e23a8c635c FriendlyName: 高性能)
// **************************
// Benchmark: OneWayThroughputBenchmarks.Transfer: Job-JTGOSM(OutlierMode=DontRemove, IterationCount=10, IterationTime=250ms, LaunchCount=1, WarmupCount=3) [Framer=StxEtx, PayloadBytes=1024, CodecMode=Bytes, Transport=StreamFrame]
// *** Execute ***
// Launch: 1 / 1
// Execute: dotnet StreamFrame.Benchmarks-Job-JTGOSM-1.dll --anonymousPipes 992 1636 --benchmarkName "StreamFrame.Benchmarks.OneWayThroughputBenchmarks.Transfer(Framer: \"StxEtx\", PayloadBytes: 1024, CodecMode: \"Bytes\", Transport: \"StreamFrame\")" --job "OutlierMode=DontRemove, IterationCount=10, IterationTime=250ms, LaunchCount=1, WarmupCount=3" --benchmarkId 25 in C:\Users\Marci\.codex\worktrees\03bd\StreamFrame\bench\StreamFrame.Benchmarks\bin\Release\net10.0\StreamFrame.Benchmarks-Job-JTGOSM-1\bin\Release\net10.0
// BeforeAnythingElse

// Benchmark Process Environment Information:
// BenchmarkDotNet v0.15.8
// Runtime=.NET 10.0.11 (10.0.11, 10.0.1126.37416), X64 RyuJIT x86-64-v3
// GC=Concurrent Workstation
// HardwareIntrinsics=AVX2+BMI1+BMI2+F16C+FMA+LZCNT+MOVBE,AVX,SSE3+SSSE3+SSE4.1+SSE4.2+POPCNT,X86Base+SSE+SSE2,AES+PCLMUL VectorSize=256
// Job: Job-JTGOSM(OutlierMode=DontRemove, IterationCount=10, IterationTime=250ms, LaunchCount=1, WarmupCount=3)

StreamFrame socket: receive=65536, send=65536, NoDelay=False, KeepAlive=0
StreamFrame socket: receive=65536, send=65536, NoDelay=False, KeepAlive=0
OverheadJitting  1: 256 op, 160600.00 ns, 627.3438 ns/op
WorkloadJitting  1: 256 op, 16942900.00 ns, 66.1832 us/op

WorkloadPilot    1: 1024 op, 16302100.00 ns, 15.9200 us/op
WorkloadPilot    2: 15616 op, 237280100.00 ns, 15.1947 us/op
WorkloadPilot    3: 16384 op, 266931600.00 ns, 16.2922 us/op
WorkloadPilot    4: 15360 op, 239660000.00 ns, 15.6029 us/op
WorkloadPilot    5: 16128 op, 251943800.00 ns, 15.6215 us/op

WorkloadWarmup   1: 16128 op, 234994100.00 ns, 14.5706 us/op
WorkloadWarmup   2: 16128 op, 251991500.00 ns, 15.6245 us/op
WorkloadWarmup   3: 16128 op, 237600700.00 ns, 14.7322 us/op

// BeforeActualRun
WorkloadActual   1: 16128 op, 222890600.00 ns, 13.8201 us/op
WorkloadActual   2: 16128 op, 221179400.00 ns, 13.7140 us/op
WorkloadActual   3: 16128 op, 502658200.00 ns, 31.1668 us/op
WorkloadActual   4: 16128 op, 206697900.00 ns, 12.8161 us/op
WorkloadActual   5: 16128 op, 261432800.00 ns, 16.2099 us/op
WorkloadActual   6: 16128 op, 645025500.00 ns, 39.9941 us/op
WorkloadActual   7: 16128 op, 671149600.00 ns, 41.6139 us/op
WorkloadActual   8: 16128 op, 237436900.00 ns, 14.7220 us/op
WorkloadActual   9: 16128 op, 205146800.00 ns, 12.7199 us/op
WorkloadActual  10: 16128 op, 233564600.00 ns, 14.4819 us/op

// AfterActualRun
WorkloadResult   1: 16128 op, 222890600.00 ns, 13.8201 us/op
WorkloadResult   2: 16128 op, 221179400.00 ns, 13.7140 us/op
WorkloadResult   3: 16128 op, 502658200.00 ns, 31.1668 us/op
WorkloadResult   4: 16128 op, 206697900.00 ns, 12.8161 us/op
WorkloadResult   5: 16128 op, 261432800.00 ns, 16.2099 us/op
WorkloadResult   6: 16128 op, 645025500.00 ns, 39.9941 us/op
WorkloadResult   7: 16128 op, 671149600.00 ns, 41.6139 us/op
WorkloadResult   8: 16128 op, 237436900.00 ns, 14.7220 us/op
WorkloadResult   9: 16128 op, 205146800.00 ns, 12.7199 us/op
WorkloadResult  10: 16128 op, 233564600.00 ns, 14.4819 us/op
// GC:  2 0 0 25723792 16128
// Threading:  37276 0 16128

// AfterAll
// Benchmark Process 53280 has exited with code 0.

Mean = 21.126 μs, StdErr = 3.703 μs (17.53%), N = 10, StdDev = 11.709 μs
Min = 12.720 μs, Q1 = 13.741 μs, Median = 14.602 μs, Q3 = 27.428 μs, Max = 41.614 μs
IQR = 13.687 μs, LowerFence = -6.790 μs, UpperFence = 47.958 μs
ConfidenceInterval = [3.423 μs; 38.828 μs] (CI 99.9%), Margin = 17.703 μs (83.80% of Mean)
Skewness = 0.85, Kurtosis = 1.77, MValue = 2.86

// ** Remained 10 (27.8%) benchmark(s) to run. Estimated finish 2026-09-08 18:10 (0h 0m from now) **
Setup power plan (GUID: 8c5e7fda-e8bf-4a96-9a85-a6e23a8c635c FriendlyName: 高性能)
// **************************
// Benchmark: OneWayThroughputBenchmarks.Transfer: Job-JTGOSM(OutlierMode=DontRemove, IterationCount=10, IterationTime=250ms, LaunchCount=1, WarmupCount=3) [Framer=StxEtx, PayloadBytes=1024, CodecMode=StringAlloc, Transport=DirectTcp]
// *** Execute ***
// Launch: 1 / 1
// Execute: dotnet StreamFrame.Benchmarks-Job-JTGOSM-1.dll --anonymousPipes 1580 1512 --benchmarkName "StreamFrame.Benchmarks.OneWayThroughputBenchmarks.Transfer(Framer: \"StxEtx\", PayloadBytes: 1024, CodecMode: \"StringAlloc\", Transport: \"DirectTcp\")" --job "OutlierMode=DontRemove, IterationCount=10, IterationTime=250ms, LaunchCount=1, WarmupCount=3" --benchmarkId 26 in C:\Users\Marci\.codex\worktrees\03bd\StreamFrame\bench\StreamFrame.Benchmarks\bin\Release\net10.0\StreamFrame.Benchmarks-Job-JTGOSM-1\bin\Release\net10.0
// BeforeAnythingElse

// Benchmark Process Environment Information:
// BenchmarkDotNet v0.15.8
// Runtime=.NET 10.0.11 (10.0.11, 10.0.1126.37416), X64 RyuJIT x86-64-v3
// GC=Concurrent Workstation
// HardwareIntrinsics=AVX2+BMI1+BMI2+F16C+FMA+LZCNT+MOVBE,AVX,SSE3+SSSE3+SSE4.1+SSE4.2+POPCNT,X86Base+SSE+SSE2,AES+PCLMUL VectorSize=256
// Job: Job-JTGOSM(OutlierMode=DontRemove, IterationCount=10, IterationTime=250ms, LaunchCount=1, WarmupCount=3)

Direct TCP socket: receive=65536, send=65536, NoDelay=False, KeepAlive=false
Direct TCP socket: receive=65536, send=65536, NoDelay=False, KeepAlive=false
OverheadJitting  1: 256 op, 138200.00 ns, 539.8438 ns/op
WorkloadJitting  1: 256 op, 9722400.00 ns, 37.9781 us/op

OverheadJitting  2: 4096 op, 224000.00 ns, 54.6875 ns/op
WorkloadJitting  2: 4096 op, 59846500.00 ns, 14.6110 us/op

WorkloadPilot    1: 4096 op, 53301200.00 ns, 13.0130 us/op
WorkloadPilot    2: 20480 op, 292114500.00 ns, 14.2634 us/op

OverheadWarmup   1: 20480 op, 800.00 ns, 0.0391 ns/op
OverheadWarmup   2: 20480 op, 800.00 ns, 0.0391 ns/op
OverheadWarmup   3: 20480 op, 500.00 ns, 0.0244 ns/op
OverheadWarmup   4: 20480 op, 500.00 ns, 0.0244 ns/op
OverheadWarmup   5: 20480 op, 500.00 ns, 0.0244 ns/op

OverheadActual   1: 20480 op, 800.00 ns, 0.0391 ns/op
OverheadActual   2: 20480 op, 800.00 ns, 0.0391 ns/op
OverheadActual   3: 20480 op, 800.00 ns, 0.0391 ns/op
OverheadActual   4: 20480 op, 700.00 ns, 0.0342 ns/op
OverheadActual   5: 20480 op, 500.00 ns, 0.0244 ns/op
OverheadActual   6: 20480 op, 500.00 ns, 0.0244 ns/op
OverheadActual   7: 20480 op, 500.00 ns, 0.0244 ns/op
OverheadActual   8: 20480 op, 500.00 ns, 0.0244 ns/op
OverheadActual   9: 20480 op, 500.00 ns, 0.0244 ns/op
OverheadActual  10: 20480 op, 600.00 ns, 0.0293 ns/op
OverheadActual  11: 20480 op, 500.00 ns, 0.0244 ns/op
OverheadActual  12: 20480 op, 500.00 ns, 0.0244 ns/op
OverheadActual  13: 20480 op, 500.00 ns, 0.0244 ns/op
OverheadActual  14: 20480 op, 600.00 ns, 0.0293 ns/op
OverheadActual  15: 20480 op, 700.00 ns, 0.0342 ns/op
OverheadActual  16: 20480 op, 800.00 ns, 0.0391 ns/op
OverheadActual  17: 20480 op, 600.00 ns, 0.0293 ns/op
OverheadActual  18: 20480 op, 800.00 ns, 0.0391 ns/op
OverheadActual  19: 20480 op, 500.00 ns, 0.0244 ns/op
OverheadActual  20: 20480 op, 500.00 ns, 0.0244 ns/op

WorkloadWarmup   1: 20480 op, 289178000.00 ns, 14.1200 us/op
WorkloadWarmup   2: 20480 op, 275705500.00 ns, 13.4622 us/op
WorkloadWarmup   3: 20480 op, 272253500.00 ns, 13.2936 us/op

// BeforeActualRun
WorkloadActual   1: 20480 op, 285089000.00 ns, 13.9204 us/op
WorkloadActual   2: 20480 op, 276519500.00 ns, 13.5019 us/op
WorkloadActual   3: 20480 op, 240779500.00 ns, 11.7568 us/op
WorkloadActual   4: 20480 op, 259818400.00 ns, 12.6864 us/op
WorkloadActual   5: 20480 op, 224411400.00 ns, 10.9576 us/op
WorkloadActual   6: 20480 op, 229790500.00 ns, 11.2202 us/op
WorkloadActual   7: 20480 op, 236469700.00 ns, 11.5464 us/op
WorkloadActual   8: 20480 op, 234084600.00 ns, 11.4299 us/op
WorkloadActual   9: 20480 op, 226868700.00 ns, 11.0776 us/op
WorkloadActual  10: 20480 op, 227133900.00 ns, 11.0905 us/op

// AfterActualRun
WorkloadResult   1: 20480 op, 285088450.00 ns, 13.9203 us/op
WorkloadResult   2: 20480 op, 276518950.00 ns, 13.5019 us/op
WorkloadResult   3: 20480 op, 240778950.00 ns, 11.7568 us/op
WorkloadResult   4: 20480 op, 259817850.00 ns, 12.6864 us/op
WorkloadResult   5: 20480 op, 224410850.00 ns, 10.9576 us/op
WorkloadResult   6: 20480 op, 229789950.00 ns, 11.2202 us/op
WorkloadResult   7: 20480 op, 236469150.00 ns, 11.5463 us/op
WorkloadResult   8: 20480 op, 234084050.00 ns, 11.4299 us/op
WorkloadResult   9: 20480 op, 226868150.00 ns, 11.0775 us/op
WorkloadResult  10: 20480 op, 227133350.00 ns, 11.0905 us/op
// GC:  8 0 0 66293168 20480
// Threading:  13090 0 20480

// AfterAll
// Benchmark Process 1688 has exited with code 0.

Mean = 11.919 μs, StdErr = 0.338 μs (2.84%), N = 10, StdDev = 1.070 μs
Min = 10.958 μs, Q1 = 11.123 μs, Median = 11.488 μs, Q3 = 12.454 μs, Max = 13.920 μs
IQR = 1.331 μs, LowerFence = 9.126 μs, UpperFence = 14.451 μs
ConfidenceInterval = [10.300 μs; 13.537 μs] (CI 99.9%), Margin = 1.618 μs (13.58% of Mean)
Skewness = 0.81, Kurtosis = 1.89, MValue = 2.86

// ** Remained 9 (25.0%) benchmark(s) to run. Estimated finish 2026-09-08 18:10 (0h 0m from now) **
Setup power plan (GUID: 8c5e7fda-e8bf-4a96-9a85-a6e23a8c635c FriendlyName: 高性能)
// **************************
// Benchmark: OneWayThroughputBenchmarks.Transfer: Job-JTGOSM(OutlierMode=DontRemove, IterationCount=10, IterationTime=250ms, LaunchCount=1, WarmupCount=3) [Framer=StxEtx, PayloadBytes=1024, CodecMode=StringAlloc, Transport=StreamFrame]
// *** Execute ***
// Launch: 1 / 1
// Execute: dotnet StreamFrame.Benchmarks-Job-JTGOSM-1.dll --anonymousPipes 1148 1576 --benchmarkName "StreamFrame.Benchmarks.OneWayThroughputBenchmarks.Transfer(Framer: \"StxEtx\", PayloadBytes: 1024, CodecMode: \"StringAlloc\", Transport: \"StreamFrame\")" --job "OutlierMode=DontRemove, IterationCount=10, IterationTime=250ms, LaunchCount=1, WarmupCount=3" --benchmarkId 27 in C:\Users\Marci\.codex\worktrees\03bd\StreamFrame\bench\StreamFrame.Benchmarks\bin\Release\net10.0\StreamFrame.Benchmarks-Job-JTGOSM-1\bin\Release\net10.0
// BeforeAnythingElse

// Benchmark Process Environment Information:
// BenchmarkDotNet v0.15.8
// Runtime=.NET 10.0.11 (10.0.11, 10.0.1126.37416), X64 RyuJIT x86-64-v3
// GC=Concurrent Workstation
// HardwareIntrinsics=AVX2+BMI1+BMI2+F16C+FMA+LZCNT+MOVBE,AVX,SSE3+SSSE3+SSE4.1+SSE4.2+POPCNT,X86Base+SSE+SSE2,AES+PCLMUL VectorSize=256
// Job: Job-JTGOSM(OutlierMode=DontRemove, IterationCount=10, IterationTime=250ms, LaunchCount=1, WarmupCount=3)

StreamFrame socket: receive=65536, send=65536, NoDelay=False, KeepAlive=0
StreamFrame socket: receive=65536, send=65536, NoDelay=False, KeepAlive=0
OverheadJitting  1: 256 op, 230800.00 ns, 901.5625 ns/op
WorkloadJitting  1: 256 op, 19191600.00 ns, 74.9672 us/op

WorkloadPilot    1: 1024 op, 20138700.00 ns, 19.6667 us/op
WorkloadPilot    2: 12800 op, 244131000.00 ns, 19.0727 us/op

WorkloadWarmup   1: 12800 op, 569440800.00 ns, 44.4876 us/op
WorkloadWarmup   2: 12800 op, 220030700.00 ns, 17.1899 us/op
WorkloadWarmup   3: 12800 op, 232822400.00 ns, 18.1893 us/op

// BeforeActualRun
WorkloadActual   1: 12800 op, 214824200.00 ns, 16.7831 us/op
WorkloadActual   2: 12800 op, 261813300.00 ns, 20.4542 us/op
WorkloadActual   3: 12800 op, 282494800.00 ns, 22.0699 us/op
WorkloadActual   4: 12800 op, 305750900.00 ns, 23.8868 us/op
WorkloadActual   5: 12800 op, 201918600.00 ns, 15.7749 us/op
WorkloadActual   6: 12800 op, 209648500.00 ns, 16.3788 us/op
WorkloadActual   7: 12800 op, 485692600.00 ns, 37.9447 us/op
WorkloadActual   8: 12800 op, 172160800.00 ns, 13.4501 us/op
WorkloadActual   9: 12800 op, 189662700.00 ns, 14.8174 us/op
WorkloadActual  10: 12800 op, 199687100.00 ns, 15.6006 us/op

// AfterActualRun
WorkloadResult   1: 12800 op, 214824200.00 ns, 16.7831 us/op
WorkloadResult   2: 12800 op, 261813300.00 ns, 20.4542 us/op
WorkloadResult   3: 12800 op, 282494800.00 ns, 22.0699 us/op
WorkloadResult   4: 12800 op, 305750900.00 ns, 23.8868 us/op
WorkloadResult   5: 12800 op, 201918600.00 ns, 15.7749 us/op
WorkloadResult   6: 12800 op, 209648500.00 ns, 16.3788 us/op
WorkloadResult   7: 12800 op, 485692600.00 ns, 37.9447 us/op
WorkloadResult   8: 12800 op, 172160800.00 ns, 13.4501 us/op
WorkloadResult   9: 12800 op, 189662700.00 ns, 14.8174 us/op
WorkloadResult  10: 12800 op, 199687100.00 ns, 15.6006 us/op
// GC:  5 0 0 46940736 12800
// Threading:  29204 1 12800

// AfterAll
// Benchmark Process 57340 has exited with code 0.

Mean = 19.716 μs, StdErr = 2.288 μs (11.61%), N = 10, StdDev = 7.236 μs
Min = 13.450 μs, Q1 = 15.644 μs, Median = 16.581 μs, Q3 = 21.666 μs, Max = 37.945 μs
IQR = 6.022 μs, LowerFence = 6.611 μs, UpperFence = 30.699 μs
ConfidenceInterval = [8.776 μs; 30.656 μs] (CI 99.9%), Margin = 10.940 μs (55.49% of Mean)
Skewness = 1.47, Kurtosis = 4.14, MValue = 3

// ** Remained 8 (22.2%) benchmark(s) to run. Estimated finish 2026-09-08 18:10 (0h 0m from now) **
Setup power plan (GUID: 8c5e7fda-e8bf-4a96-9a85-a6e23a8c635c FriendlyName: 高性能)
// **************************
// Benchmark: OneWayThroughputBenchmarks.Transfer: Job-JTGOSM(OutlierMode=DontRemove, IterationCount=10, IterationTime=250ms, LaunchCount=1, WarmupCount=3) [Framer=StxEtx, PayloadBytes=1024, CodecMode=StringSpan, Transport=DirectTcp]
// *** Execute ***
// Launch: 1 / 1
// Execute: dotnet StreamFrame.Benchmarks-Job-JTGOSM-1.dll --anonymousPipes 1532 1208 --benchmarkName "StreamFrame.Benchmarks.OneWayThroughputBenchmarks.Transfer(Framer: \"StxEtx\", PayloadBytes: 1024, CodecMode: \"StringSpan\", Transport: \"DirectTcp\")" --job "OutlierMode=DontRemove, IterationCount=10, IterationTime=250ms, LaunchCount=1, WarmupCount=3" --benchmarkId 28 in C:\Users\Marci\.codex\worktrees\03bd\StreamFrame\bench\StreamFrame.Benchmarks\bin\Release\net10.0\StreamFrame.Benchmarks-Job-JTGOSM-1\bin\Release\net10.0
// BeforeAnythingElse

// Benchmark Process Environment Information:
// BenchmarkDotNet v0.15.8
// Runtime=.NET 10.0.11 (10.0.11, 10.0.1126.37416), X64 RyuJIT x86-64-v3
// GC=Concurrent Workstation
// HardwareIntrinsics=AVX2+BMI1+BMI2+F16C+FMA+LZCNT+MOVBE,AVX,SSE3+SSSE3+SSE4.1+SSE4.2+POPCNT,X86Base+SSE+SSE2,AES+PCLMUL VectorSize=256
// Job: Job-JTGOSM(OutlierMode=DontRemove, IterationCount=10, IterationTime=250ms, LaunchCount=1, WarmupCount=3)

Direct TCP socket: receive=65536, send=65536, NoDelay=False, KeepAlive=false
Direct TCP socket: receive=65536, send=65536, NoDelay=False, KeepAlive=false
OverheadJitting  1: 256 op, 133700.00 ns, 522.2656 ns/op
WorkloadJitting  1: 256 op, 10366300.00 ns, 40.4934 us/op

OverheadJitting  2: 4096 op, 194200.00 ns, 47.4121 ns/op
WorkloadJitting  2: 4096 op, 58425600.00 ns, 14.2641 us/op

WorkloadPilot    1: 4096 op, 57574400.00 ns, 14.0563 us/op
WorkloadPilot    2: 20480 op, 289155200.00 ns, 14.1189 us/op

OverheadWarmup   1: 20480 op, 800.00 ns, 0.0391 ns/op
OverheadWarmup   2: 20480 op, 1200.00 ns, 0.0586 ns/op
OverheadWarmup   3: 20480 op, 600.00 ns, 0.0293 ns/op
OverheadWarmup   4: 20480 op, 600.00 ns, 0.0293 ns/op
OverheadWarmup   5: 20480 op, 400.00 ns, 0.0195 ns/op

OverheadActual   1: 20480 op, 900.00 ns, 0.0439 ns/op
OverheadActual   2: 20480 op, 900.00 ns, 0.0439 ns/op
OverheadActual   3: 20480 op, 600.00 ns, 0.0293 ns/op
OverheadActual   4: 20480 op, 500.00 ns, 0.0244 ns/op
OverheadActual   5: 20480 op, 500.00 ns, 0.0244 ns/op
OverheadActual   6: 20480 op, 500.00 ns, 0.0244 ns/op
OverheadActual   7: 20480 op, 600.00 ns, 0.0293 ns/op
OverheadActual   8: 20480 op, 400.00 ns, 0.0195 ns/op
OverheadActual   9: 20480 op, 600.00 ns, 0.0293 ns/op
OverheadActual  10: 20480 op, 400.00 ns, 0.0195 ns/op
OverheadActual  11: 20480 op, 13400.00 ns, 0.6543 ns/op
OverheadActual  12: 20480 op, 600.00 ns, 0.0293 ns/op
OverheadActual  13: 20480 op, 500.00 ns, 0.0244 ns/op
OverheadActual  14: 20480 op, 500.00 ns, 0.0244 ns/op
OverheadActual  15: 20480 op, 500.00 ns, 0.0244 ns/op
OverheadActual  16: 20480 op, 600.00 ns, 0.0293 ns/op
OverheadActual  17: 20480 op, 900.00 ns, 0.0439 ns/op
OverheadActual  18: 20480 op, 600.00 ns, 0.0293 ns/op
OverheadActual  19: 20480 op, 400.00 ns, 0.0195 ns/op
OverheadActual  20: 20480 op, 500.00 ns, 0.0244 ns/op

WorkloadWarmup   1: 20480 op, 265181600.00 ns, 12.9483 us/op
WorkloadWarmup   2: 20480 op, 283049500.00 ns, 13.8208 us/op
WorkloadWarmup   3: 20480 op, 287088800.00 ns, 14.0180 us/op

// BeforeActualRun
WorkloadActual   1: 20480 op, 277080900.00 ns, 13.5293 us/op
WorkloadActual   2: 20480 op, 549315100.00 ns, 26.8220 us/op
WorkloadActual   3: 20480 op, 258663700.00 ns, 12.6301 us/op
WorkloadActual   4: 20480 op, 236879600.00 ns, 11.5664 us/op
WorkloadActual   5: 20480 op, 233536800.00 ns, 11.4032 us/op
WorkloadActual   6: 20480 op, 856638200.00 ns, 41.8280 us/op
WorkloadActual   7: 20480 op, 249609600.00 ns, 12.1880 us/op
WorkloadActual   8: 20480 op, 255511300.00 ns, 12.4761 us/op
WorkloadActual   9: 20480 op, 239884400.00 ns, 11.7131 us/op
WorkloadActual  10: 20480 op, 543223400.00 ns, 26.5246 us/op

// AfterActualRun
WorkloadResult   1: 20480 op, 277080350.00 ns, 13.5293 us/op
WorkloadResult   2: 20480 op, 549314550.00 ns, 26.8220 us/op
WorkloadResult   3: 20480 op, 258663150.00 ns, 12.6300 us/op
WorkloadResult   4: 20480 op, 236879050.00 ns, 11.5664 us/op
WorkloadResult   5: 20480 op, 233536250.00 ns, 11.4031 us/op
WorkloadResult   6: 20480 op, 856637650.00 ns, 41.8280 us/op
WorkloadResult   7: 20480 op, 249609050.00 ns, 12.1879 us/op
WorkloadResult   8: 20480 op, 255510750.00 ns, 12.4761 us/op
WorkloadResult   9: 20480 op, 239883850.00 ns, 11.7131 us/op
WorkloadResult  10: 20480 op, 543222850.00 ns, 26.5246 us/op
// GC:  5 0 0 44845560 20480
// Threading:  13237 0 20480

// AfterAll
// Benchmark Process 43556 has exited with code 0.

Mean = 18.068 μs, StdErr = 3.259 μs (18.04%), N = 10, StdDev = 10.305 μs
Min = 11.403 μs, Q1 = 11.832 μs, Median = 12.553 μs, Q3 = 23.276 μs, Max = 41.828 μs
IQR = 11.444 μs, LowerFence = -5.334 μs, UpperFence = 40.442 μs
ConfidenceInterval = [2.488 μs; 33.648 μs] (CI 99.9%), Margin = 15.580 μs (86.23% of Mean)
Skewness = 1.21, Kurtosis = 3, MValue = 2.57

// ** Remained 7 (19.4%) benchmark(s) to run. Estimated finish 2026-09-08 18:10 (0h 0m from now) **
Setup power plan (GUID: 8c5e7fda-e8bf-4a96-9a85-a6e23a8c635c FriendlyName: 高性能)
// **************************
// Benchmark: OneWayThroughputBenchmarks.Transfer: Job-JTGOSM(OutlierMode=DontRemove, IterationCount=10, IterationTime=250ms, LaunchCount=1, WarmupCount=3) [Framer=StxEtx, PayloadBytes=1024, CodecMode=StringSpan, Transport=StreamFrame]
// *** Execute ***
// Launch: 1 / 1
// Execute: dotnet StreamFrame.Benchmarks-Job-JTGOSM-1.dll --anonymousPipes 1532 1208 --benchmarkName "StreamFrame.Benchmarks.OneWayThroughputBenchmarks.Transfer(Framer: \"StxEtx\", PayloadBytes: 1024, CodecMode: \"StringSpan\", Transport: \"StreamFrame\")" --job "OutlierMode=DontRemove, IterationCount=10, IterationTime=250ms, LaunchCount=1, WarmupCount=3" --benchmarkId 29 in C:\Users\Marci\.codex\worktrees\03bd\StreamFrame\bench\StreamFrame.Benchmarks\bin\Release\net10.0\StreamFrame.Benchmarks-Job-JTGOSM-1\bin\Release\net10.0
// BeforeAnythingElse

// Benchmark Process Environment Information:
// BenchmarkDotNet v0.15.8
// Runtime=.NET 10.0.11 (10.0.11, 10.0.1126.37416), X64 RyuJIT x86-64-v3
// GC=Concurrent Workstation
// HardwareIntrinsics=AVX2+BMI1+BMI2+F16C+FMA+LZCNT+MOVBE,AVX,SSE3+SSSE3+SSE4.1+SSE4.2+POPCNT,X86Base+SSE+SSE2,AES+PCLMUL VectorSize=256
// Job: Job-JTGOSM(OutlierMode=DontRemove, IterationCount=10, IterationTime=250ms, LaunchCount=1, WarmupCount=3)

StreamFrame socket: receive=65536, send=65536, NoDelay=False, KeepAlive=0
StreamFrame socket: receive=65536, send=65536, NoDelay=False, KeepAlive=0
OverheadJitting  1: 256 op, 127700.00 ns, 498.8281 ns/op
WorkloadJitting  1: 256 op, 16989900.00 ns, 66.3668 us/op

WorkloadPilot    1: 1024 op, 12394200.00 ns, 12.1037 us/op
WorkloadPilot    2: 20736 op, 320810900.00 ns, 15.4712 us/op
WorkloadPilot    3: 16128 op, 268476600.00 ns, 16.6466 us/op
WorkloadPilot    4: 15104 op, 264403400.00 ns, 17.5055 us/op

WorkloadWarmup   1: 15104 op, 551491400.00 ns, 36.5129 us/op
WorkloadWarmup   2: 15104 op, 518148800.00 ns, 34.3054 us/op
WorkloadWarmup   3: 15104 op, 192044400.00 ns, 12.7148 us/op

// BeforeActualRun
WorkloadActual   1: 15104 op, 191117700.00 ns, 12.6534 us/op
WorkloadActual   2: 15104 op, 192116000.00 ns, 12.7195 us/op
WorkloadActual   3: 15104 op, 197798800.00 ns, 13.0958 us/op
WorkloadActual   4: 15104 op, 183022600.00 ns, 12.1175 us/op
WorkloadActual   5: 15104 op, 191356100.00 ns, 12.6692 us/op
WorkloadActual   6: 15104 op, 186578600.00 ns, 12.3529 us/op
WorkloadActual   7: 15104 op, 531358400.00 ns, 35.1800 us/op
WorkloadActual   8: 15104 op, 263201100.00 ns, 17.4259 us/op
WorkloadActual   9: 15104 op, 185523800.00 ns, 12.2831 us/op
WorkloadActual  10: 15104 op, 191386800.00 ns, 12.6713 us/op

// AfterActualRun
WorkloadResult   1: 15104 op, 191117700.00 ns, 12.6534 us/op
WorkloadResult   2: 15104 op, 192116000.00 ns, 12.7195 us/op
WorkloadResult   3: 15104 op, 197798800.00 ns, 13.0958 us/op
WorkloadResult   4: 15104 op, 183022600.00 ns, 12.1175 us/op
WorkloadResult   5: 15104 op, 191356100.00 ns, 12.6692 us/op
WorkloadResult   6: 15104 op, 186578600.00 ns, 12.3529 us/op
WorkloadResult   7: 15104 op, 531358400.00 ns, 35.1800 us/op
WorkloadResult   8: 15104 op, 263201100.00 ns, 17.4259 us/op
WorkloadResult   9: 15104 op, 185523800.00 ns, 12.2831 us/op
WorkloadResult  10: 15104 op, 191386800.00 ns, 12.6713 us/op
// GC:  4 1 0 40286096 15104
// Threading:  33785 5 15104

// AfterAll
// Benchmark Process 40264 has exited with code 0.

Mean = 15.317 μs, StdErr = 2.261 μs (14.76%), N = 10, StdDev = 7.149 μs
Min = 12.117 μs, Q1 = 12.428 μs, Median = 12.670 μs, Q3 = 13.002 μs, Max = 35.180 μs
IQR = 0.574 μs, LowerFence = 11.568 μs, UpperFence = 13.862 μs
ConfidenceInterval = [4.508 μs; 26.125 μs] (CI 99.9%), Margin = 10.809 μs (70.57% of Mean)
Skewness = 2.1, Kurtosis = 5.98, MValue = 2

// ** Remained 6 (16.7%) benchmark(s) to run. Estimated finish 2026-09-08 18:10 (0h 0m from now) **
Setup power plan (GUID: 8c5e7fda-e8bf-4a96-9a85-a6e23a8c635c FriendlyName: 高性能)
// **************************
// Benchmark: OneWayThroughputBenchmarks.Transfer: Job-JTGOSM(OutlierMode=DontRemove, IterationCount=10, IterationTime=250ms, LaunchCount=1, WarmupCount=3) [Framer=StxEtx, PayloadBytes=65536, CodecMode=Bytes, Transport=DirectTcp]
// *** Execute ***
// Launch: 1 / 1
// Execute: dotnet StreamFrame.Benchmarks-Job-JTGOSM-1.dll --anonymousPipes 1528 1516 --benchmarkName "StreamFrame.Benchmarks.OneWayThroughputBenchmarks.Transfer(Framer: \"StxEtx\", PayloadBytes: 65536, CodecMode: \"Bytes\", Transport: \"DirectTcp\")" --job "OutlierMode=DontRemove, IterationCount=10, IterationTime=250ms, LaunchCount=1, WarmupCount=3" --benchmarkId 30 in C:\Users\Marci\.codex\worktrees\03bd\StreamFrame\bench\StreamFrame.Benchmarks\bin\Release\net10.0\StreamFrame.Benchmarks-Job-JTGOSM-1\bin\Release\net10.0
// BeforeAnythingElse

// Benchmark Process Environment Information:
// BenchmarkDotNet v0.15.8
// Runtime=.NET 10.0.11 (10.0.11, 10.0.1126.37416), X64 RyuJIT x86-64-v3
// GC=Concurrent Workstation
// HardwareIntrinsics=AVX2+BMI1+BMI2+F16C+FMA+LZCNT+MOVBE,AVX,SSE3+SSSE3+SSE4.1+SSE4.2+POPCNT,X86Base+SSE+SSE2,AES+PCLMUL VectorSize=256
// Job: Job-JTGOSM(OutlierMode=DontRemove, IterationCount=10, IterationTime=250ms, LaunchCount=1, WarmupCount=3)

Direct TCP socket: receive=65536, send=65536, NoDelay=False, KeepAlive=false
Direct TCP socket: receive=65536, send=65536, NoDelay=False, KeepAlive=false
OverheadJitting  1: 256 op, 155800.00 ns, 608.5938 ns/op
WorkloadJitting  1: 256 op, 27395700.00 ns, 107.0145 us/op

WorkloadPilot    1: 1024 op, 96844900.00 ns, 94.5751 us/op
WorkloadPilot    2: 2560 op, 237879600.00 ns, 92.9217 us/op

WorkloadWarmup   1: 2560 op, 255940000.00 ns, 99.9766 us/op
WorkloadWarmup   2: 2560 op, 213849900.00 ns, 83.5351 us/op
WorkloadWarmup   3: 2560 op, 228233200.00 ns, 89.1536 us/op

// BeforeActualRun
WorkloadActual   1: 2560 op, 203642600.00 ns, 79.5479 us/op
WorkloadActual   2: 2560 op, 140532500.00 ns, 54.8955 us/op
WorkloadActual   3: 2560 op, 259513300.00 ns, 101.3724 us/op
WorkloadActual   4: 2560 op, 192493600.00 ns, 75.1928 us/op
WorkloadActual   5: 2560 op, 122786700.00 ns, 47.9636 us/op
WorkloadActual   6: 2560 op, 125768000.00 ns, 49.1281 us/op
WorkloadActual   7: 2560 op, 165386200.00 ns, 64.6040 us/op
WorkloadActual   8: 2560 op, 163257500.00 ns, 63.7725 us/op
WorkloadActual   9: 2560 op, 198098100.00 ns, 77.3821 us/op
WorkloadActual  10: 2560 op, 187064100.00 ns, 73.0719 us/op

// AfterActualRun
WorkloadResult   1: 2560 op, 203642600.00 ns, 79.5479 us/op
WorkloadResult   2: 2560 op, 140532500.00 ns, 54.8955 us/op
WorkloadResult   3: 2560 op, 259513300.00 ns, 101.3724 us/op
WorkloadResult   4: 2560 op, 192493600.00 ns, 75.1928 us/op
WorkloadResult   5: 2560 op, 122786700.00 ns, 47.9636 us/op
WorkloadResult   6: 2560 op, 125768000.00 ns, 49.1281 us/op
WorkloadResult   7: 2560 op, 165386200.00 ns, 64.6040 us/op
WorkloadResult   8: 2560 op, 163257500.00 ns, 63.7725 us/op
WorkloadResult   9: 2560 op, 198098100.00 ns, 77.3821 us/op
WorkloadResult  10: 2560 op, 187064100.00 ns, 73.0719 us/op
// GC:  17 6 0 167958008 2560
// Threading:  256 0 2560

// AfterAll
// Benchmark Process 55204 has exited with code 0.

Mean = 68.693 μs, StdErr = 5.128 μs (7.46%), N = 10, StdDev = 16.216 μs
Min = 47.964 μs, Q1 = 57.115 μs, Median = 68.838 μs, Q3 = 76.835 μs, Max = 101.372 μs
IQR = 19.720 μs, LowerFence = 27.535 μs, UpperFence = 106.415 μs
ConfidenceInterval = [44.178 μs; 93.209 μs] (CI 99.9%), Margin = 24.516 μs (35.69% of Mean)
Skewness = 0.42, Kurtosis = 2.21, MValue = 2.33

// ** Remained 5 (13.9%) benchmark(s) to run. Estimated finish 2026-09-08 18:10 (0h 0m from now) **
Setup power plan (GUID: 8c5e7fda-e8bf-4a96-9a85-a6e23a8c635c FriendlyName: 高性能)
// **************************
// Benchmark: OneWayThroughputBenchmarks.Transfer: Job-JTGOSM(OutlierMode=DontRemove, IterationCount=10, IterationTime=250ms, LaunchCount=1, WarmupCount=3) [Framer=StxEtx, PayloadBytes=65536, CodecMode=Bytes, Transport=StreamFrame]
// *** Execute ***
// Launch: 1 / 1
// Execute: dotnet StreamFrame.Benchmarks-Job-JTGOSM-1.dll --anonymousPipes 1520 1132 --benchmarkName "StreamFrame.Benchmarks.OneWayThroughputBenchmarks.Transfer(Framer: \"StxEtx\", PayloadBytes: 65536, CodecMode: \"Bytes\", Transport: \"StreamFrame\")" --job "OutlierMode=DontRemove, IterationCount=10, IterationTime=250ms, LaunchCount=1, WarmupCount=3" --benchmarkId 31 in C:\Users\Marci\.codex\worktrees\03bd\StreamFrame\bench\StreamFrame.Benchmarks\bin\Release\net10.0\StreamFrame.Benchmarks-Job-JTGOSM-1\bin\Release\net10.0
// BeforeAnythingElse

// Benchmark Process Environment Information:
// BenchmarkDotNet v0.15.8
// Runtime=.NET 10.0.11 (10.0.11, 10.0.1126.37416), X64 RyuJIT x86-64-v3
// GC=Concurrent Workstation
// HardwareIntrinsics=AVX2+BMI1+BMI2+F16C+FMA+LZCNT+MOVBE,AVX,SSE3+SSSE3+SSE4.1+SSE4.2+POPCNT,X86Base+SSE+SSE2,AES+PCLMUL VectorSize=256
// Job: Job-JTGOSM(OutlierMode=DontRemove, IterationCount=10, IterationTime=250ms, LaunchCount=1, WarmupCount=3)

StreamFrame socket: receive=65536, send=65536, NoDelay=False, KeepAlive=0
StreamFrame socket: receive=65536, send=65536, NoDelay=False, KeepAlive=0
OverheadJitting  1: 256 op, 134300.00 ns, 524.6094 ns/op
WorkloadJitting  1: 256 op, 44150500.00 ns, 172.4629 us/op

WorkloadPilot    1: 1024 op, 133078400.00 ns, 129.9594 us/op
WorkloadPilot    2: 2048 op, 202986600.00 ns, 99.1146 us/op
WorkloadPilot    3: 2560 op, 296795700.00 ns, 115.9358 us/op
WorkloadPilot    4: 2048 op, 257568900.00 ns, 125.7661 us/op

WorkloadWarmup   1: 2048 op, 229988600.00 ns, 112.2991 us/op
WorkloadWarmup   2: 2048 op, 183985900.00 ns, 89.8369 us/op
WorkloadWarmup   3: 2048 op, 181786600.00 ns, 88.7630 us/op

// BeforeActualRun
WorkloadActual   1: 2048 op, 135341200.00 ns, 66.0846 us/op
WorkloadActual   2: 2048 op, 129031100.00 ns, 63.0035 us/op
WorkloadActual   3: 2048 op, 76905300.00 ns, 37.5514 us/op
WorkloadActual   4: 2048 op, 83428300.00 ns, 40.7365 us/op
WorkloadActual   5: 2048 op, 139309200.00 ns, 68.0221 us/op
WorkloadActual   6: 2048 op, 91427700.00 ns, 44.6424 us/op
WorkloadActual   7: 2048 op, 93383300.00 ns, 45.5973 us/op
WorkloadActual   8: 2048 op, 96513400.00 ns, 47.1257 us/op
WorkloadActual   9: 2048 op, 121065200.00 ns, 59.1139 us/op
WorkloadActual  10: 2048 op, 71946700.00 ns, 35.1302 us/op

// AfterActualRun
WorkloadResult   1: 2048 op, 135341200.00 ns, 66.0846 us/op
WorkloadResult   2: 2048 op, 129031100.00 ns, 63.0035 us/op
WorkloadResult   3: 2048 op, 76905300.00 ns, 37.5514 us/op
WorkloadResult   4: 2048 op, 83428300.00 ns, 40.7365 us/op
WorkloadResult   5: 2048 op, 139309200.00 ns, 68.0221 us/op
WorkloadResult   6: 2048 op, 91427700.00 ns, 44.6424 us/op
WorkloadResult   7: 2048 op, 93383300.00 ns, 45.5973 us/op
WorkloadResult   8: 2048 op, 96513400.00 ns, 47.1257 us/op
WorkloadResult   9: 2048 op, 121065200.00 ns, 59.1139 us/op
WorkloadResult  10: 2048 op, 71946700.00 ns, 35.1302 us/op
// GC:  14 2 0 135441104 2048
// Threading:  6677 0 2048

// AfterAll
// Benchmark Process 51328 has exited with code 0.

Mean = 50.701 μs, StdErr = 3.872 μs (7.64%), N = 10, StdDev = 12.243 μs
Min = 35.130 μs, Q1 = 41.713 μs, Median = 46.361 μs, Q3 = 62.031 μs, Max = 68.022 μs
IQR = 20.318 μs, LowerFence = 11.236 μs, UpperFence = 92.508 μs
ConfidenceInterval = [32.191 μs; 69.210 μs] (CI 99.9%), Margin = 18.509 μs (36.51% of Mean)
Skewness = 0.21, Kurtosis = 1.22, MValue = 3.33

// ** Remained 4 (11.1%) benchmark(s) to run. Estimated finish 2026-09-08 18:10 (0h 0m from now) **
Setup power plan (GUID: 8c5e7fda-e8bf-4a96-9a85-a6e23a8c635c FriendlyName: 高性能)
// **************************
// Benchmark: OneWayThroughputBenchmarks.Transfer: Job-JTGOSM(OutlierMode=DontRemove, IterationCount=10, IterationTime=250ms, LaunchCount=1, WarmupCount=3) [Framer=StxEtx, PayloadBytes=65536, CodecMode=StringAlloc, Transport=DirectTcp]
// *** Execute ***
// Launch: 1 / 1
// Execute: dotnet StreamFrame.Benchmarks-Job-JTGOSM-1.dll --anonymousPipes 1052 1388 --benchmarkName "StreamFrame.Benchmarks.OneWayThroughputBenchmarks.Transfer(Framer: \"StxEtx\", PayloadBytes: 65536, CodecMode: \"StringAlloc\", Transport: \"DirectTcp\")" --job "OutlierMode=DontRemove, IterationCount=10, IterationTime=250ms, LaunchCount=1, WarmupCount=3" --benchmarkId 32 in C:\Users\Marci\.codex\worktrees\03bd\StreamFrame\bench\StreamFrame.Benchmarks\bin\Release\net10.0\StreamFrame.Benchmarks-Job-JTGOSM-1\bin\Release\net10.0
// BeforeAnythingElse

// Benchmark Process Environment Information:
// BenchmarkDotNet v0.15.8
// Runtime=.NET 10.0.11 (10.0.11, 10.0.1126.37416), X64 RyuJIT x86-64-v3
// GC=Concurrent Workstation
// HardwareIntrinsics=AVX2+BMI1+BMI2+F16C+FMA+LZCNT+MOVBE,AVX,SSE3+SSSE3+SSE4.1+SSE4.2+POPCNT,X86Base+SSE+SSE2,AES+PCLMUL VectorSize=256
// Job: Job-JTGOSM(OutlierMode=DontRemove, IterationCount=10, IterationTime=250ms, LaunchCount=1, WarmupCount=3)

Direct TCP socket: receive=65536, send=65536, NoDelay=False, KeepAlive=false
Direct TCP socket: receive=65536, send=65536, NoDelay=False, KeepAlive=false
OverheadJitting  1: 256 op, 121900.00 ns, 476.1719 ns/op
WorkloadJitting  1: 256 op, 23578100.00 ns, 92.1020 us/op

WorkloadPilot    1: 1024 op, 57238100.00 ns, 55.8966 us/op
WorkloadPilot    2: 4352 op, 257188100.00 ns, 59.0965 us/op

WorkloadWarmup   1: 4352 op, 264169900.00 ns, 60.7008 us/op
WorkloadWarmup   2: 4352 op, 253329200.00 ns, 58.2098 us/op
WorkloadWarmup   3: 4352 op, 290125100.00 ns, 66.6648 us/op

// BeforeActualRun
WorkloadActual   1: 4352 op, 242555600.00 ns, 55.7343 us/op
WorkloadActual   2: 4352 op, 254065300.00 ns, 58.3790 us/op
WorkloadActual   3: 4352 op, 308790800.00 ns, 70.9538 us/op
WorkloadActual   4: 4352 op, 291587000.00 ns, 67.0007 us/op
WorkloadActual   5: 4352 op, 331534100.00 ns, 76.1797 us/op
WorkloadActual   6: 4352 op, 498568500.00 ns, 114.5608 us/op
WorkloadActual   7: 4352 op, 308504500.00 ns, 70.8880 us/op
WorkloadActual   8: 4352 op, 289885100.00 ns, 66.6096 us/op
WorkloadActual   9: 4352 op, 262661900.00 ns, 60.3543 us/op
WorkloadActual  10: 4352 op, 237681700.00 ns, 54.6144 us/op

// AfterActualRun
WorkloadResult   1: 4352 op, 242555600.00 ns, 55.7343 us/op
WorkloadResult   2: 4352 op, 254065300.00 ns, 58.3790 us/op
WorkloadResult   3: 4352 op, 308790800.00 ns, 70.9538 us/op
WorkloadResult   4: 4352 op, 291587000.00 ns, 67.0007 us/op
WorkloadResult   5: 4352 op, 331534100.00 ns, 76.1797 us/op
WorkloadResult   6: 4352 op, 498568500.00 ns, 114.5608 us/op
WorkloadResult   7: 4352 op, 308504500.00 ns, 70.8880 us/op
WorkloadResult   8: 4352 op, 289885100.00 ns, 66.6096 us/op
WorkloadResult   9: 4352 op, 262661900.00 ns, 60.3543 us/op
WorkloadResult  10: 4352 op, 237681700.00 ns, 54.6144 us/op
// GC:  181 181 181 856273824 4352
// Threading:  767 0 4352

// AfterAll
// Benchmark Process 48856 has exited with code 0.

Mean = 69.527 μs, StdErr = 5.490 μs (7.90%), N = 10, StdDev = 17.359 μs
Min = 54.614 μs, Q1 = 58.873 μs, Median = 66.805 μs, Q3 = 70.937 μs, Max = 114.561 μs
IQR = 12.065 μs, LowerFence = 40.776 μs, UpperFence = 89.034 μs
ConfidenceInterval = [43.283 μs; 95.772 μs] (CI 99.9%), Margin = 26.245 μs (37.75% of Mean)
Skewness = 1.6, Kurtosis = 4.65, MValue = 2

// ** Remained 3 (8.3%) benchmark(s) to run. Estimated finish 2026-09-08 18:10 (0h 0m from now) **
Setup power plan (GUID: 8c5e7fda-e8bf-4a96-9a85-a6e23a8c635c FriendlyName: 高性能)
// **************************
// Benchmark: OneWayThroughputBenchmarks.Transfer: Job-JTGOSM(OutlierMode=DontRemove, IterationCount=10, IterationTime=250ms, LaunchCount=1, WarmupCount=3) [Framer=StxEtx, PayloadBytes=65536, CodecMode=StringAlloc, Transport=StreamFrame]
// *** Execute ***
// Launch: 1 / 1
// Execute: dotnet StreamFrame.Benchmarks-Job-JTGOSM-1.dll --anonymousPipes 1132 1444 --benchmarkName "StreamFrame.Benchmarks.OneWayThroughputBenchmarks.Transfer(Framer: \"StxEtx\", PayloadBytes: 65536, CodecMode: \"StringAlloc\", Transport: \"StreamFrame\")" --job "OutlierMode=DontRemove, IterationCount=10, IterationTime=250ms, LaunchCount=1, WarmupCount=3" --benchmarkId 33 in C:\Users\Marci\.codex\worktrees\03bd\StreamFrame\bench\StreamFrame.Benchmarks\bin\Release\net10.0\StreamFrame.Benchmarks-Job-JTGOSM-1\bin\Release\net10.0
// BeforeAnythingElse

// Benchmark Process Environment Information:
// BenchmarkDotNet v0.15.8
// Runtime=.NET 10.0.11 (10.0.11, 10.0.1126.37416), X64 RyuJIT x86-64-v3
// GC=Concurrent Workstation
// HardwareIntrinsics=AVX2+BMI1+BMI2+F16C+FMA+LZCNT+MOVBE,AVX,SSE3+SSSE3+SSE4.1+SSE4.2+POPCNT,X86Base+SSE+SSE2,AES+PCLMUL VectorSize=256
// Job: Job-JTGOSM(OutlierMode=DontRemove, IterationCount=10, IterationTime=250ms, LaunchCount=1, WarmupCount=3)

StreamFrame socket: receive=65536, send=65536, NoDelay=False, KeepAlive=0
StreamFrame socket: receive=65536, send=65536, NoDelay=False, KeepAlive=0
OverheadJitting  1: 256 op, 141100.00 ns, 551.1719 ns/op
WorkloadJitting  1: 256 op, 51780900.00 ns, 202.2691 us/op

WorkloadPilot    1: 1024 op, 172747600.00 ns, 168.6988 us/op
WorkloadPilot    2: 1536 op, 184916100.00 ns, 120.3881 us/op
WorkloadPilot    3: 2048 op, 257383100.00 ns, 125.6753 us/op

WorkloadWarmup   1: 2048 op, 277725200.00 ns, 135.6080 us/op
WorkloadWarmup   2: 2048 op, 241509800.00 ns, 117.9247 us/op
WorkloadWarmup   3: 2048 op, 260884200.00 ns, 127.3849 us/op

// BeforeActualRun
WorkloadActual   1: 2048 op, 269463900.00 ns, 131.5742 us/op
WorkloadActual   2: 2048 op, 267242200.00 ns, 130.4894 us/op
WorkloadActual   3: 2048 op, 197101800.00 ns, 96.2411 us/op
WorkloadActual   4: 2048 op, 221240700.00 ns, 108.0277 us/op
WorkloadActual   5: 2048 op, 198125400.00 ns, 96.7409 us/op
WorkloadActual   6: 2048 op, 190378700.00 ns, 92.9583 us/op
WorkloadActual   7: 2048 op, 239228400.00 ns, 116.8107 us/op
WorkloadActual   8: 2048 op, 230764900.00 ns, 112.6782 us/op
WorkloadActual   9: 2048 op, 198331500.00 ns, 96.8416 us/op
WorkloadActual  10: 2048 op, 147257600.00 ns, 71.9031 us/op

// AfterActualRun
WorkloadResult   1: 2048 op, 269463900.00 ns, 131.5742 us/op
WorkloadResult   2: 2048 op, 267242200.00 ns, 130.4894 us/op
WorkloadResult   3: 2048 op, 197101800.00 ns, 96.2411 us/op
WorkloadResult   4: 2048 op, 221240700.00 ns, 108.0277 us/op
WorkloadResult   5: 2048 op, 198125400.00 ns, 96.7409 us/op
WorkloadResult   6: 2048 op, 190378700.00 ns, 92.9583 us/op
WorkloadResult   7: 2048 op, 239228400.00 ns, 116.8107 us/op
WorkloadResult   8: 2048 op, 230764900.00 ns, 112.6782 us/op
WorkloadResult   9: 2048 op, 198331500.00 ns, 96.8416 us/op
WorkloadResult  10: 2048 op, 147257600.00 ns, 71.9031 us/op
// GC:  90 75 75 405936424 2048
// Threading:  6421 0 2048

// AfterAll
// Benchmark Process 3060 has exited with code 0.

Mean = 105.427 μs, StdErr = 5.787 μs (5.49%), N = 10, StdDev = 18.299 μs
Min = 71.903 μs, Q1 = 96.366 μs, Median = 102.435 μs, Q3 = 115.778 μs, Max = 131.574 μs
IQR = 19.412 μs, LowerFence = 67.249 μs, UpperFence = 144.895 μs
ConfidenceInterval = [77.761 μs; 133.092 μs] (CI 99.9%), Margin = 27.665 μs (26.24% of Mean)
Skewness = -0.1, Kurtosis = 1.95, MValue = 2.33

// ** Remained 2 (5.6%) benchmark(s) to run. Estimated finish 2026-09-08 18:10 (0h 0m from now) **
Setup power plan (GUID: 8c5e7fda-e8bf-4a96-9a85-a6e23a8c635c FriendlyName: 高性能)
// **************************
// Benchmark: OneWayThroughputBenchmarks.Transfer: Job-JTGOSM(OutlierMode=DontRemove, IterationCount=10, IterationTime=250ms, LaunchCount=1, WarmupCount=3) [Framer=StxEtx, PayloadBytes=65536, CodecMode=StringSpan, Transport=DirectTcp]
// *** Execute ***
// Launch: 1 / 1
// Execute: dotnet StreamFrame.Benchmarks-Job-JTGOSM-1.dll --anonymousPipes 1368 1372 --benchmarkName "StreamFrame.Benchmarks.OneWayThroughputBenchmarks.Transfer(Framer: \"StxEtx\", PayloadBytes: 65536, CodecMode: \"StringSpan\", Transport: \"DirectTcp\")" --job "OutlierMode=DontRemove, IterationCount=10, IterationTime=250ms, LaunchCount=1, WarmupCount=3" --benchmarkId 34 in C:\Users\Marci\.codex\worktrees\03bd\StreamFrame\bench\StreamFrame.Benchmarks\bin\Release\net10.0\StreamFrame.Benchmarks-Job-JTGOSM-1\bin\Release\net10.0
// BeforeAnythingElse

// Benchmark Process Environment Information:
// BenchmarkDotNet v0.15.8
// Runtime=.NET 10.0.11 (10.0.11, 10.0.1126.37416), X64 RyuJIT x86-64-v3
// GC=Concurrent Workstation
// HardwareIntrinsics=AVX2+BMI1+BMI2+F16C+FMA+LZCNT+MOVBE,AVX,SSE3+SSSE3+SSE4.1+SSE4.2+POPCNT,X86Base+SSE+SSE2,AES+PCLMUL VectorSize=256
// Job: Job-JTGOSM(OutlierMode=DontRemove, IterationCount=10, IterationTime=250ms, LaunchCount=1, WarmupCount=3)

Direct TCP socket: receive=65536, send=65536, NoDelay=False, KeepAlive=false
Direct TCP socket: receive=65536, send=65536, NoDelay=False, KeepAlive=false
OverheadJitting  1: 256 op, 142500.00 ns, 556.6406 ns/op
WorkloadJitting  1: 256 op, 21067200.00 ns, 82.2938 us/op

WorkloadPilot    1: 1024 op, 42304700.00 ns, 41.3132 us/op
WorkloadPilot    2: 6144 op, 332358000.00 ns, 54.0947 us/op
WorkloadPilot    3: 4608 op, 239743400.00 ns, 52.0276 us/op

WorkloadWarmup   1: 4608 op, 222651300.00 ns, 48.3184 us/op
WorkloadWarmup   2: 4608 op, 220336000.00 ns, 47.8160 us/op
WorkloadWarmup   3: 4608 op, 212502800.00 ns, 46.1161 us/op

// BeforeActualRun
WorkloadActual   1: 4608 op, 206133500.00 ns, 44.7338 us/op
WorkloadActual   2: 4608 op, 189716000.00 ns, 41.1710 us/op
WorkloadActual   3: 4608 op, 202966800.00 ns, 44.0466 us/op
WorkloadActual   4: 4608 op, 195185000.00 ns, 42.3579 us/op
WorkloadActual   5: 4608 op, 202150900.00 ns, 43.8696 us/op
WorkloadActual   6: 4608 op, 194451900.00 ns, 42.1988 us/op
WorkloadActual   7: 4608 op, 191514600.00 ns, 41.5613 us/op
WorkloadActual   8: 4608 op, 321348800.00 ns, 69.7372 us/op
WorkloadActual   9: 4608 op, 365402600.00 ns, 79.2974 us/op
WorkloadActual  10: 4608 op, 353772100.00 ns, 76.7735 us/op

// AfterActualRun
WorkloadResult   1: 4608 op, 206133500.00 ns, 44.7338 us/op
WorkloadResult   2: 4608 op, 189716000.00 ns, 41.1710 us/op
WorkloadResult   3: 4608 op, 202966800.00 ns, 44.0466 us/op
WorkloadResult   4: 4608 op, 195185000.00 ns, 42.3579 us/op
WorkloadResult   5: 4608 op, 202150900.00 ns, 43.8696 us/op
WorkloadResult   6: 4608 op, 194451900.00 ns, 42.1988 us/op
WorkloadResult   7: 4608 op, 191514600.00 ns, 41.5613 us/op
WorkloadResult   8: 4608 op, 321348800.00 ns, 69.7372 us/op
WorkloadResult   9: 4608 op, 365402600.00 ns, 79.2974 us/op
WorkloadResult  10: 4608 op, 353772100.00 ns, 76.7735 us/op
// GC:  171 171 171 605245672 4608
// Threading:  284 0 4608

// AfterAll
// Benchmark Process 10968 has exited with code 0.

Mean = 52.575 μs, StdErr = 5.020 μs (9.55%), N = 10, StdDev = 15.873 μs
Min = 41.171 μs, Q1 = 42.239 μs, Median = 43.958 μs, Q3 = 63.486 μs, Max = 79.297 μs
IQR = 21.248 μs, LowerFence = 10.367 μs, UpperFence = 95.358 μs
ConfidenceInterval = [28.577 μs; 76.573 μs] (CI 99.9%), Margin = 23.998 μs (45.65% of Mean)
Skewness = 0.79, Kurtosis = 1.59, MValue = 2.86

// ** Remained 1 (2.8%) benchmark(s) to run. Estimated finish 2026-09-08 18:10 (0h 0m from now) **
Setup power plan (GUID: 8c5e7fda-e8bf-4a96-9a85-a6e23a8c635c FriendlyName: 高性能)
// **************************
// Benchmark: OneWayThroughputBenchmarks.Transfer: Job-JTGOSM(OutlierMode=DontRemove, IterationCount=10, IterationTime=250ms, LaunchCount=1, WarmupCount=3) [Framer=StxEtx, PayloadBytes=65536, CodecMode=StringSpan, Transport=StreamFrame]
// *** Execute ***
// Launch: 1 / 1
// Execute: dotnet StreamFrame.Benchmarks-Job-JTGOSM-1.dll --anonymousPipes 1148 1368 --benchmarkName "StreamFrame.Benchmarks.OneWayThroughputBenchmarks.Transfer(Framer: \"StxEtx\", PayloadBytes: 65536, CodecMode: \"StringSpan\", Transport: \"StreamFrame\")" --job "OutlierMode=DontRemove, IterationCount=10, IterationTime=250ms, LaunchCount=1, WarmupCount=3" --benchmarkId 35 in C:\Users\Marci\.codex\worktrees\03bd\StreamFrame\bench\StreamFrame.Benchmarks\bin\Release\net10.0\StreamFrame.Benchmarks-Job-JTGOSM-1\bin\Release\net10.0
// BeforeAnythingElse

// Benchmark Process Environment Information:
// BenchmarkDotNet v0.15.8
// Runtime=.NET 10.0.11 (10.0.11, 10.0.1126.37416), X64 RyuJIT x86-64-v3
// GC=Concurrent Workstation
// HardwareIntrinsics=AVX2+BMI1+BMI2+F16C+FMA+LZCNT+MOVBE,AVX,SSE3+SSSE3+SSE4.1+SSE4.2+POPCNT,X86Base+SSE+SSE2,AES+PCLMUL VectorSize=256
// Job: Job-JTGOSM(OutlierMode=DontRemove, IterationCount=10, IterationTime=250ms, LaunchCount=1, WarmupCount=3)

StreamFrame socket: receive=65536, send=65536, NoDelay=False, KeepAlive=0
StreamFrame socket: receive=65536, send=65536, NoDelay=False, KeepAlive=0
OverheadJitting  1: 256 op, 144300.00 ns, 563.6719 ns/op
WorkloadJitting  1: 256 op, 53283500.00 ns, 208.1387 us/op

WorkloadPilot    1: 1024 op, 136204600.00 ns, 133.0123 us/op
WorkloadPilot    2: 1792 op, 255390200.00 ns, 142.5169 us/op

WorkloadWarmup   1: 1792 op, 305939000.00 ns, 170.7249 us/op
WorkloadWarmup   2: 1792 op, 270339600.00 ns, 150.8592 us/op
WorkloadWarmup   3: 1792 op, 239530800.00 ns, 133.6667 us/op

// BeforeActualRun
WorkloadActual   1: 1792 op, 307567300.00 ns, 171.6335 us/op
WorkloadActual   2: 1792 op, 280644300.00 ns, 156.6095 us/op
WorkloadActual   3: 1792 op, 293977900.00 ns, 164.0502 us/op
WorkloadActual   4: 1792 op, 274890800.00 ns, 153.3989 us/op
WorkloadActual   5: 1792 op, 206417700.00 ns, 115.1884 us/op
WorkloadActual   6: 1792 op, 207425000.00 ns, 115.7506 us/op
WorkloadActual   7: 1792 op, 153418000.00 ns, 85.6127 us/op
WorkloadActual   8: 1792 op, 169076700.00 ns, 94.3508 us/op
WorkloadActual   9: 1792 op, 156067300.00 ns, 87.0911 us/op
WorkloadActual  10: 1792 op, 192649700.00 ns, 107.5054 us/op

// AfterActualRun
WorkloadResult   1: 1792 op, 307567300.00 ns, 171.6335 us/op
WorkloadResult   2: 1792 op, 280644300.00 ns, 156.6095 us/op
WorkloadResult   3: 1792 op, 293977900.00 ns, 164.0502 us/op
WorkloadResult   4: 1792 op, 274890800.00 ns, 153.3989 us/op
WorkloadResult   5: 1792 op, 206417700.00 ns, 115.1884 us/op
WorkloadResult   6: 1792 op, 207425000.00 ns, 115.7506 us/op
WorkloadResult   7: 1792 op, 153418000.00 ns, 85.6127 us/op
WorkloadResult   8: 1792 op, 169076700.00 ns, 94.3508 us/op
WorkloadResult   9: 1792 op, 156067300.00 ns, 87.0911 us/op
WorkloadResult  10: 1792 op, 192649700.00 ns, 107.5054 us/op
// GC:  65 65 65 237147200 1792
// Threading:  5431 0 1792

// AfterAll
// Benchmark Process 47072 has exited with code 0.

Mean = 125.119 μs, StdErr = 10.499 μs (8.39%), N = 10, StdDev = 33.201 μs
Min = 85.613 μs, Q1 = 97.639 μs, Median = 115.470 μs, Q3 = 155.807 μs, Max = 171.634 μs
IQR = 58.167 μs, LowerFence = 10.388 μs, UpperFence = 243.058 μs
ConfidenceInterval = [74.924 μs; 175.314 μs] (CI 99.9%), Margin = 50.195 μs (40.12% of Mean)
Skewness = 0.17, Kurtosis = 1.16, MValue = 3.33

// ** Remained 0 (0.0%) benchmark(s) to run. Estimated finish 2026-09-08 18:10 (0h 0m from now) **
Successfully reverted power plan (GUID: 8c5e7fda-e8bf-4a96-9a85-a6e23a8c635c FriendlyName: 高性能)
// ***** BenchmarkRunner: Finish  *****

// * Export *
  bench\results\issue-70\oneway\results\StreamFrame.Benchmarks.OneWayThroughputBenchmarks-report.csv
  bench\results\issue-70\oneway\results\StreamFrame.Benchmarks.OneWayThroughputBenchmarks-report-github.md
  bench\results\issue-70\oneway\results\StreamFrame.Benchmarks.OneWayThroughputBenchmarks-report.html
  bench\results\issue-70\oneway\results\StreamFrame.Benchmarks.OneWayThroughputBenchmarks-report-full-compressed.json

// * Detailed results *
OneWayThroughputBenchmarks.Transfer: Job-JTGOSM(OutlierMode=DontRemove, IterationCount=10, IterationTime=250ms, LaunchCount=1, WarmupCount=3) [Framer=LengthPrefix, PayloadBytes=64, CodecMode=Bytes, Transport=DirectTcp]
Runtime = .NET 10.0.11 (10.0.11, 10.0.1126.37416), X64 RyuJIT x86-64-v3; GC = Concurrent Workstation
Mean = 18.570 μs, StdErr = 3.331 μs (17.94%), N = 10, StdDev = 10.535 μs
Min = 10.363 μs, Q1 = 11.022 μs, Median = 11.564 μs, Q3 = 26.101 μs, Max = 40.535 μs
IQR = 15.079 μs, LowerFence = -11.597 μs, UpperFence = 48.719 μs
ConfidenceInterval = [2.643 μs; 34.496 μs] (CI 99.9%), Margin = 15.927 μs (85.77% of Mean)
Skewness = 0.8, Kurtosis = 2.13, MValue = 2
-------------------- Histogram --------------------
[ 3.945 μs ; 17.392 μs) | @@@@@@
[17.392 μs ; 32.686 μs) | @@@
[32.686 μs ; 46.952 μs) | @
---------------------------------------------------

OneWayThroughputBenchmarks.Transfer: Job-JTGOSM(OutlierMode=DontRemove, IterationCount=10, IterationTime=250ms, LaunchCount=1, WarmupCount=3) [Framer=LengthPrefix, PayloadBytes=64, CodecMode=Bytes, Transport=StreamFrame]
Runtime = .NET 10.0.11 (10.0.11, 10.0.1126.37416), X64 RyuJIT x86-64-v3; GC = Concurrent Workstation
Mean = 23.484 μs, StdErr = 4.089 μs (17.41%), N = 10, StdDev = 12.930 μs
Min = 11.783 μs, Q1 = 12.423 μs, Median = 21.612 μs, Q3 = 31.226 μs, Max = 48.992 μs
IQR = 18.803 μs, LowerFence = -15.781 μs, UpperFence = 59.430 μs
ConfidenceInterval = [3.936 μs; 43.032 μs] (CI 99.9%), Margin = 19.548 μs (83.24% of Mean)
Skewness = 0.53, Kurtosis = 1.84, MValue = 2
-------------------- Histogram --------------------
[ 3.906 μs ; 20.110 μs) | @@@@@
[20.110 μs ; 38.920 μs) | @@@@
[38.920 μs ; 56.869 μs) | @
---------------------------------------------------

OneWayThroughputBenchmarks.Transfer: Job-JTGOSM(OutlierMode=DontRemove, IterationCount=10, IterationTime=250ms, LaunchCount=1, WarmupCount=3) [Framer=LengthPrefix, PayloadBytes=64, CodecMode=StringAlloc, Transport=DirectTcp]
Runtime = .NET 10.0.11 (10.0.11, 10.0.1126.37416), X64 RyuJIT x86-64-v3; GC = Concurrent Workstation
Mean = 20.675 μs, StdErr = 2.428 μs (11.74%), N = 10, StdDev = 7.677 μs
Min = 11.700 μs, Q1 = 11.819 μs, Median = 25.807 μs, Q3 = 26.708 μs, Max = 27.698 μs
IQR = 14.889 μs, LowerFence = -10.515 μs, UpperFence = 49.042 μs
ConfidenceInterval = [9.069 μs; 32.282 μs] (CI 99.9%), Margin = 11.606 μs (56.14% of Mean)
Skewness = -0.33, Kurtosis = 0.95, MValue = 3.33
-------------------- Histogram --------------------
[ 7.023 μs ; 16.448 μs) | @@@@
[16.448 μs ; 21.746 μs) | 
[21.746 μs ; 32.374 μs) | @@@@@@
---------------------------------------------------

OneWayThroughputBenchmarks.Transfer: Job-JTGOSM(OutlierMode=DontRemove, IterationCount=10, IterationTime=250ms, LaunchCount=1, WarmupCount=3) [Framer=LengthPrefix, PayloadBytes=64, CodecMode=StringAlloc, Transport=StreamFrame]
Runtime = .NET 10.0.11 (10.0.11, 10.0.1126.37416), X64 RyuJIT x86-64-v3; GC = Concurrent Workstation
Mean = 21.046 μs, StdErr = 4.659 μs (22.14%), N = 10, StdDev = 14.734 μs
Min = 11.891 μs, Q1 = 12.446 μs, Median = 12.966 μs, Q3 = 27.448 μs, Max = 54.464 μs
IQR = 15.002 μs, LowerFence = -10.057 μs, UpperFence = 49.951 μs
ConfidenceInterval = [-1.230 μs; 43.321 μs] (CI 99.9%), Margin = 22.276 μs (105.84% of Mean)
Skewness = 1.17, Kurtosis = 2.85, MValue = 2.57
-------------------- Histogram --------------------
[ 2.915 μs ; 21.600 μs) | @@@@@@@
[21.600 μs ; 42.868 μs) | @@
[42.868 μs ; 63.440 μs) | @
---------------------------------------------------

OneWayThroughputBenchmarks.Transfer: Job-JTGOSM(OutlierMode=DontRemove, IterationCount=10, IterationTime=250ms, LaunchCount=1, WarmupCount=3) [Framer=LengthPrefix, PayloadBytes=64, CodecMode=StringSpan, Transport=DirectTcp]
Runtime = .NET 10.0.11 (10.0.11, 10.0.1126.37416), X64 RyuJIT x86-64-v3; GC = Concurrent Workstation
Mean = 16.166 μs, StdErr = 3.333 μs (20.62%), N = 10, StdDev = 10.539 μs
Min = 10.193 μs, Q1 = 11.135 μs, Median = 11.270 μs, Q3 = 11.952 μs, Max = 36.873 μs
IQR = 0.817 μs, LowerFence = 9.910 μs, UpperFence = 13.177 μs
ConfidenceInterval = [0.232 μs; 32.099 μs] (CI 99.9%), Margin = 15.933 μs (98.56% of Mean)
Skewness = 1.28, Kurtosis = 2.64, MValue = 2.33
-------------------- Histogram --------------------
[ 3.772 μs ; 17.573 μs) | @@@@@@@@
[17.573 μs ; 29.709 μs) | 
[29.709 μs ; 43.293 μs) | @@
---------------------------------------------------

OneWayThroughputBenchmarks.Transfer: Job-JTGOSM(OutlierMode=DontRemove, IterationCount=10, IterationTime=250ms, LaunchCount=1, WarmupCount=3) [Framer=LengthPrefix, PayloadBytes=64, CodecMode=StringSpan, Transport=StreamFrame]
Runtime = .NET 10.0.11 (10.0.11, 10.0.1126.37416), X64 RyuJIT x86-64-v3; GC = Concurrent Workstation
Mean = 16.453 μs, StdErr = 2.570 μs (15.62%), N = 10, StdDev = 8.126 μs
Min = 11.176 μs, Q1 = 11.361 μs, Median = 11.552 μs, Q3 = 23.696 μs, Max = 28.775 μs
IQR = 12.335 μs, LowerFence = -7.141 μs, UpperFence = 42.198 μs
ConfidenceInterval = [4.167 μs; 28.739 μs] (CI 99.9%), Margin = 12.286 μs (74.67% of Mean)
Skewness = 0.75, Kurtosis = 1.43, MValue = 2.86
-------------------- Histogram --------------------
[ 6.225 μs ; 16.328 μs) | @@@@@@@
[16.328 μs ; 23.304 μs) | 
[23.304 μs ; 33.725 μs) | @@@
---------------------------------------------------

OneWayThroughputBenchmarks.Transfer: Job-JTGOSM(OutlierMode=DontRemove, IterationCount=10, IterationTime=250ms, LaunchCount=1, WarmupCount=3) [Framer=LengthPrefix, PayloadBytes=1024, CodecMode=Bytes, Transport=DirectTcp]
Runtime = .NET 10.0.11 (10.0.11, 10.0.1126.37416), X64 RyuJIT x86-64-v3; GC = Concurrent Workstation
Mean = 12.544 μs, StdErr = 1.508 μs (12.02%), N = 10, StdDev = 4.768 μs
Min = 10.556 μs, Q1 = 10.830 μs, Median = 11.111 μs, Q3 = 11.350 μs, Max = 26.088 μs
IQR = 0.521 μs, LowerFence = 10.048 μs, UpperFence = 12.132 μs
ConfidenceInterval = [5.336 μs; 19.751 μs] (CI 99.9%), Margin = 7.208 μs (57.46% of Mean)
Skewness = 2.26, Kurtosis = 6.52, MValue = 2
-------------------- Histogram --------------------
[ 7.651 μs ; 13.886 μs) | @@@@@@@@@
[13.886 μs ; 19.695 μs) | 
[19.695 μs ; 23.183 μs) | 
[23.183 μs ; 28.992 μs) | @
---------------------------------------------------

OneWayThroughputBenchmarks.Transfer: Job-JTGOSM(OutlierMode=DontRemove, IterationCount=10, IterationTime=250ms, LaunchCount=1, WarmupCount=3) [Framer=LengthPrefix, PayloadBytes=1024, CodecMode=Bytes, Transport=StreamFrame]
Runtime = .NET 10.0.11 (10.0.11, 10.0.1126.37416), X64 RyuJIT x86-64-v3; GC = Concurrent Workstation
Mean = 12.697 μs, StdErr = 0.136 μs (1.07%), N = 10, StdDev = 0.430 μs
Min = 12.204 μs, Q1 = 12.496 μs, Median = 12.534 μs, Q3 = 12.754 μs, Max = 13.553 μs
IQR = 0.258 μs, LowerFence = 12.109 μs, UpperFence = 13.141 μs
ConfidenceInterval = [12.047 μs; 13.348 μs] (CI 99.9%), Margin = 0.650 μs (5.12% of Mean)
Skewness = 0.91, Kurtosis = 2.33, MValue = 2
-------------------- Histogram --------------------
[11.942 μs ; 12.306 μs) | @
[12.306 μs ; 12.830 μs) | @@@@@@@
[12.830 μs ; 13.191 μs) | 
[13.191 μs ; 13.815 μs) | @@
---------------------------------------------------

OneWayThroughputBenchmarks.Transfer: Job-JTGOSM(OutlierMode=DontRemove, IterationCount=10, IterationTime=250ms, LaunchCount=1, WarmupCount=3) [Framer=LengthPrefix, PayloadBytes=1024, CodecMode=StringAlloc, Transport=DirectTcp]
Runtime = .NET 10.0.11 (10.0.11, 10.0.1126.37416), X64 RyuJIT x86-64-v3; GC = Concurrent Workstation
Mean = 15.985 μs, StdErr = 2.220 μs (13.89%), N = 10, StdDev = 7.020 μs
Min = 10.857 μs, Q1 = 11.246 μs, Median = 12.162 μs, Q3 = 22.399 μs, Max = 26.442 μs
IQR = 11.153 μs, LowerFence = -5.483 μs, UpperFence = 39.128 μs
ConfidenceInterval = [5.372 μs; 26.598 μs] (CI 99.9%), Margin = 10.613 μs (66.39% of Mean)
Skewness = 0.73, Kurtosis = 1.43, MValue = 2.86
-------------------- Histogram --------------------
[ 6.581 μs ; 15.946 μs) | @@@@@@@
[15.946 μs ; 21.797 μs) | 
[21.797 μs ; 30.719 μs) | @@@
---------------------------------------------------

OneWayThroughputBenchmarks.Transfer: Job-JTGOSM(OutlierMode=DontRemove, IterationCount=10, IterationTime=250ms, LaunchCount=1, WarmupCount=3) [Framer=LengthPrefix, PayloadBytes=1024, CodecMode=StringAlloc, Transport=StreamFrame]
Runtime = .NET 10.0.11 (10.0.11, 10.0.1126.37416), X64 RyuJIT x86-64-v3; GC = Concurrent Workstation
Mean = 15.939 μs, StdErr = 1.931 μs (12.12%), N = 10, StdDev = 6.107 μs
Min = 12.696 μs, Q1 = 13.167 μs, Median = 13.681 μs, Q3 = 15.501 μs, Max = 32.900 μs
IQR = 2.333 μs, LowerFence = 9.667 μs, UpperFence = 19.001 μs
ConfidenceInterval = [6.707 μs; 25.172 μs] (CI 99.9%), Margin = 9.232 μs (57.92% of Mean)
Skewness = 2.09, Kurtosis = 5.98, MValue = 2.57
-------------------- Histogram --------------------
[11.039 μs ; 18.479 μs) | @@@@@@@@@
[18.479 μs ; 25.919 μs) | 
[25.919 μs ; 29.180 μs) | 
[29.180 μs ; 36.621 μs) | @
---------------------------------------------------

OneWayThroughputBenchmarks.Transfer: Job-JTGOSM(OutlierMode=DontRemove, IterationCount=10, IterationTime=250ms, LaunchCount=1, WarmupCount=3) [Framer=LengthPrefix, PayloadBytes=1024, CodecMode=StringSpan, Transport=DirectTcp]
Runtime = .NET 10.0.11 (10.0.11, 10.0.1126.37416), X64 RyuJIT x86-64-v3; GC = Concurrent Workstation
Mean = 19.909 μs, StdErr = 4.013 μs (20.16%), N = 10, StdDev = 12.690 μs
Min = 11.436 μs, Q1 = 11.959 μs, Median = 13.223 μs, Q3 = 23.993 μs, Max = 42.527 μs
IQR = 12.034 μs, LowerFence = -6.093 μs, UpperFence = 42.044 μs
ConfidenceInterval = [0.724 μs; 39.094 μs] (CI 99.9%), Margin = 19.185 μs (96.36% of Mean)
Skewness = 0.96, Kurtosis = 2.02, MValue = 2
-------------------- Histogram --------------------
[ 3.705 μs ; 20.192 μs) | @@@@@@@
[20.192 μs ; 27.280 μs) | 
[27.280 μs ; 42.742 μs) | @@@
---------------------------------------------------

OneWayThroughputBenchmarks.Transfer: Job-JTGOSM(OutlierMode=DontRemove, IterationCount=10, IterationTime=250ms, LaunchCount=1, WarmupCount=3) [Framer=LengthPrefix, PayloadBytes=1024, CodecMode=StringSpan, Transport=StreamFrame]
Runtime = .NET 10.0.11 (10.0.11, 10.0.1126.37416), X64 RyuJIT x86-64-v3; GC = Concurrent Workstation
Mean = 25.310 μs, StdErr = 7.679 μs (30.34%), N = 10, StdDev = 24.282 μs
Min = 12.699 μs, Q1 = 13.388 μs, Median = 13.745 μs, Q3 = 27.544 μs, Max = 90.176 μs
IQR = 14.156 μs, LowerFence = -7.846 μs, UpperFence = 48.778 μs
ConfidenceInterval = [-11.400 μs; 62.020 μs] (CI 99.9%), Margin = 36.710 μs (145.04% of Mean)
Skewness = 1.84, Kurtosis = 5.13, MValue = 2.57
-------------------- Histogram --------------------
[ 9.367 μs ;  38.952 μs) | @@@@@@@@@
[38.952 μs ;  75.384 μs) | 
[75.384 μs ; 104.969 μs) | @
---------------------------------------------------

OneWayThroughputBenchmarks.Transfer: Job-JTGOSM(OutlierMode=DontRemove, IterationCount=10, IterationTime=250ms, LaunchCount=1, WarmupCount=3) [Framer=LengthPrefix, PayloadBytes=65536, CodecMode=Bytes, Transport=DirectTcp]
Runtime = .NET 10.0.11 (10.0.11, 10.0.1126.37416), X64 RyuJIT x86-64-v3; GC = Concurrent Workstation
Mean = 62.635 μs, StdErr = 2.841 μs (4.54%), N = 10, StdDev = 8.984 μs
Min = 48.852 μs, Q1 = 57.192 μs, Median = 63.716 μs, Q3 = 67.441 μs, Max = 78.956 μs
IQR = 10.249 μs, LowerFence = 41.818 μs, UpperFence = 82.814 μs
ConfidenceInterval = [49.051 μs; 76.218 μs] (CI 99.9%), Margin = 13.583 μs (21.69% of Mean)
Skewness = 0.1, Kurtosis = 1.93, MValue = 2.33
-------------------- Histogram --------------------
[47.257 μs ; 58.764 μs) | @@@
[58.764 μs ; 69.710 μs) | @@@@@@
[69.710 μs ; 73.483 μs) | 
[73.483 μs ; 84.430 μs) | @
---------------------------------------------------

OneWayThroughputBenchmarks.Transfer: Job-JTGOSM(OutlierMode=DontRemove, IterationCount=10, IterationTime=250ms, LaunchCount=1, WarmupCount=3) [Framer=LengthPrefix, PayloadBytes=65536, CodecMode=Bytes, Transport=StreamFrame]
Runtime = .NET 10.0.11 (10.0.11, 10.0.1126.37416), X64 RyuJIT x86-64-v3; GC = Concurrent Workstation
Mean = 37.013 μs, StdErr = 2.137 μs (5.77%), N = 10, StdDev = 6.756 μs
Min = 33.477 μs, Q1 = 33.888 μs, Median = 34.519 μs, Q3 = 35.793 μs, Max = 55.566 μs
IQR = 1.905 μs, LowerFence = 31.030 μs, UpperFence = 38.650 μs
ConfidenceInterval = [26.798 μs; 47.228 μs] (CI 99.9%), Margin = 10.215 μs (27.60% of Mean)
Skewness = 2.01, Kurtosis = 5.72, MValue = 2
-------------------- Histogram --------------------
[32.348 μs ; 40.580 μs) | @@@@@@@@@
[40.580 μs ; 51.450 μs) | 
[51.450 μs ; 59.682 μs) | @
---------------------------------------------------

OneWayThroughputBenchmarks.Transfer: Job-JTGOSM(OutlierMode=DontRemove, IterationCount=10, IterationTime=250ms, LaunchCount=1, WarmupCount=3) [Framer=LengthPrefix, PayloadBytes=65536, CodecMode=StringAlloc, Transport=DirectTcp]
Runtime = .NET 10.0.11 (10.0.11, 10.0.1126.37416), X64 RyuJIT x86-64-v3; GC = Concurrent Workstation
Mean = 56.597 μs, StdErr = 1.085 μs (1.92%), N = 10, StdDev = 3.431 μs
Min = 51.944 μs, Q1 = 53.860 μs, Median = 56.163 μs, Q3 = 59.285 μs, Max = 62.053 μs
IQR = 5.425 μs, LowerFence = 45.723 μs, UpperFence = 67.423 μs
ConfidenceInterval = [51.410 μs; 61.784 μs] (CI 99.9%), Margin = 5.187 μs (9.17% of Mean)
Skewness = 0.11, Kurtosis = 1.46, MValue = 3.6
-------------------- Histogram --------------------
[49.854 μs ; 52.287 μs) | @
[52.287 μs ; 56.468 μs) | @@@@@
[56.468 μs ; 58.069 μs) | 
[58.069 μs ; 62.249 μs) | @@@@
---------------------------------------------------

OneWayThroughputBenchmarks.Transfer: Job-JTGOSM(OutlierMode=DontRemove, IterationCount=10, IterationTime=250ms, LaunchCount=1, WarmupCount=3) [Framer=LengthPrefix, PayloadBytes=65536, CodecMode=StringAlloc, Transport=StreamFrame]
Runtime = .NET 10.0.11 (10.0.11, 10.0.1126.37416), X64 RyuJIT x86-64-v3; GC = Concurrent Workstation
Mean = 81.281 μs, StdErr = 7.291 μs (8.97%), N = 10, StdDev = 23.057 μs
Min = 58.787 μs, Q1 = 65.742 μs, Median = 76.891 μs, Q3 = 84.281 μs, Max = 131.191 μs
IQR = 18.539 μs, LowerFence = 37.934 μs, UpperFence = 112.089 μs
ConfidenceInterval = [46.422 μs; 116.140 μs] (CI 99.9%), Margin = 34.859 μs (42.89% of Mean)
Skewness = 0.99, Kurtosis = 2.64, MValue = 2.33
-------------------- Histogram --------------------
[ 58.097 μs ;  86.190 μs) | @@@@@@@@
[ 86.190 μs ; 106.669 μs) | 
[106.669 μs ; 134.762 μs) | @@
---------------------------------------------------

OneWayThroughputBenchmarks.Transfer: Job-JTGOSM(OutlierMode=DontRemove, IterationCount=10, IterationTime=250ms, LaunchCount=1, WarmupCount=3) [Framer=LengthPrefix, PayloadBytes=65536, CodecMode=StringSpan, Transport=DirectTcp]
Runtime = .NET 10.0.11 (10.0.11, 10.0.1126.37416), X64 RyuJIT x86-64-v3; GC = Concurrent Workstation
Mean = 50.929 μs, StdErr = 1.473 μs (2.89%), N = 10, StdDev = 4.660 μs
Min = 45.904 μs, Q1 = 47.528 μs, Median = 49.845 μs, Q3 = 53.855 μs, Max = 59.513 μs
IQR = 6.327 μs, LowerFence = 38.037 μs, UpperFence = 63.345 μs
ConfidenceInterval = [43.884 μs; 57.973 μs] (CI 99.9%), Margin = 7.045 μs (13.83% of Mean)
Skewness = 0.43, Kurtosis = 1.64, MValue = 2
-------------------- Histogram --------------------
[44.081 μs ; 49.758 μs) | @@@@@
[49.758 μs ; 56.597 μs) | @@@@
[56.597 μs ; 62.352 μs) | @
---------------------------------------------------

OneWayThroughputBenchmarks.Transfer: Job-JTGOSM(OutlierMode=DontRemove, IterationCount=10, IterationTime=250ms, LaunchCount=1, WarmupCount=3) [Framer=LengthPrefix, PayloadBytes=65536, CodecMode=StringSpan, Transport=StreamFrame]
Runtime = .NET 10.0.11 (10.0.11, 10.0.1126.37416), X64 RyuJIT x86-64-v3; GC = Concurrent Workstation
Mean = 110.025 μs, StdErr = 8.208 μs (7.46%), N = 10, StdDev = 25.956 μs
Min = 69.100 μs, Q1 = 99.366 μs, Median = 112.055 μs, Q3 = 116.913 μs, Max = 155.512 μs
IQR = 17.547 μs, LowerFence = 73.046 μs, UpperFence = 143.233 μs
ConfidenceInterval = [70.784 μs; 149.266 μs] (CI 99.9%), Margin = 39.241 μs (35.67% of Mean)
Skewness = 0.11, Kurtosis = 2.02, MValue = 2.33
-------------------- Histogram --------------------
[ 57.538 μs ;  92.249 μs) | @@
[ 92.249 μs ; 123.874 μs) | @@@@@@
[123.874 μs ; 164.098 μs) | @@
---------------------------------------------------

OneWayThroughputBenchmarks.Transfer: Job-JTGOSM(OutlierMode=DontRemove, IterationCount=10, IterationTime=250ms, LaunchCount=1, WarmupCount=3) [Framer=StxEtx, PayloadBytes=64, CodecMode=Bytes, Transport=DirectTcp]
Runtime = .NET 10.0.11 (10.0.11, 10.0.1126.37416), X64 RyuJIT x86-64-v3; GC = Concurrent Workstation
Mean = 20.196 μs, StdErr = 3.856 μs (19.10%), N = 10, StdDev = 12.195 μs
Min = 10.154 μs, Q1 = 11.801 μs, Median = 12.283 μs, Q3 = 25.868 μs, Max = 40.589 μs
IQR = 14.066 μs, LowerFence = -9.298 μs, UpperFence = 46.967 μs
ConfidenceInterval = [1.759 μs; 38.632 μs] (CI 99.9%), Margin = 18.437 μs (91.29% of Mean)
Skewness = 0.74, Kurtosis = 1.73, MValue = 2.67
-------------------- Histogram --------------------
[ 2.725 μs ; 18.833 μs) | @@@@@@
[18.833 μs ; 25.918 μs) | @
[25.918 μs ; 40.777 μs) | @@@
---------------------------------------------------

OneWayThroughputBenchmarks.Transfer: Job-JTGOSM(OutlierMode=DontRemove, IterationCount=10, IterationTime=250ms, LaunchCount=1, WarmupCount=3) [Framer=StxEtx, PayloadBytes=64, CodecMode=Bytes, Transport=StreamFrame]
Runtime = .NET 10.0.11 (10.0.11, 10.0.1126.37416), X64 RyuJIT x86-64-v3; GC = Concurrent Workstation
Mean = 18.366 μs, StdErr = 2.803 μs (15.26%), N = 10, StdDev = 8.864 μs
Min = 12.086 μs, Q1 = 12.657 μs, Median = 13.189 μs, Q3 = 26.179 μs, Max = 31.819 μs
IQR = 13.522 μs, LowerFence = -7.625 μs, UpperFence = 46.462 μs
ConfidenceInterval = [4.964 μs; 31.767 μs] (CI 99.9%), Margin = 13.402 μs (72.97% of Mean)
Skewness = 0.74, Kurtosis = 1.44, MValue = 2.86
-------------------- Histogram --------------------
[ 6.686 μs ; 18.237 μs) | @@@@@@@
[18.237 μs ; 25.697 μs) | 
[25.697 μs ; 37.219 μs) | @@@
---------------------------------------------------

OneWayThroughputBenchmarks.Transfer: Job-JTGOSM(OutlierMode=DontRemove, IterationCount=10, IterationTime=250ms, LaunchCount=1, WarmupCount=3) [Framer=StxEtx, PayloadBytes=64, CodecMode=StringAlloc, Transport=DirectTcp]
Runtime = .NET 10.0.11 (10.0.11, 10.0.1126.37416), X64 RyuJIT x86-64-v3; GC = Concurrent Workstation
Mean = 21.891 μs, StdErr = 4.382 μs (20.02%), N = 10, StdDev = 13.857 μs
Min = 10.373 μs, Q1 = 11.258 μs, Median = 19.680 μs, Q3 = 26.183 μs, Max = 55.293 μs
IQR = 14.925 μs, LowerFence = -11.129 μs, UpperFence = 48.570 μs
ConfidenceInterval = [0.941 μs; 42.841 μs] (CI 99.9%), Margin = 20.950 μs (95.70% of Mean)
Skewness = 1.2, Kurtosis = 3.55, MValue = 3.6
-------------------- Histogram --------------------
[ 9.866 μs ; 26.750 μs) | @@@@@@@@
[26.750 μs ; 36.011 μs) | @
[36.011 μs ; 46.851 μs) | 
[46.851 μs ; 63.734 μs) | @
---------------------------------------------------

OneWayThroughputBenchmarks.Transfer: Job-JTGOSM(OutlierMode=DontRemove, IterationCount=10, IterationTime=250ms, LaunchCount=1, WarmupCount=3) [Framer=StxEtx, PayloadBytes=64, CodecMode=StringAlloc, Transport=StreamFrame]
Runtime = .NET 10.0.11 (10.0.11, 10.0.1126.37416), X64 RyuJIT x86-64-v3; GC = Concurrent Workstation
Mean = 16.066 μs, StdErr = 2.397 μs (14.92%), N = 10, StdDev = 7.579 μs
Min = 11.919 μs, Q1 = 12.253 μs, Median = 12.525 μs, Q3 = 13.192 μs, Max = 30.560 μs
IQR = 0.939 μs, LowerFence = 10.846 μs, UpperFence = 14.600 μs
ConfidenceInterval = [4.607 μs; 27.525 μs] (CI 99.9%), Margin = 11.459 μs (71.33% of Mean)
Skewness = 1.27, Kurtosis = 2.62, MValue = 2.4
-------------------- Histogram --------------------
[ 7.301 μs ; 17.189 μs) | @@@@@@@@
[17.189 μs ; 25.806 μs) | 
[25.806 μs ; 35.178 μs) | @@
---------------------------------------------------

OneWayThroughputBenchmarks.Transfer: Job-JTGOSM(OutlierMode=DontRemove, IterationCount=10, IterationTime=250ms, LaunchCount=1, WarmupCount=3) [Framer=StxEtx, PayloadBytes=64, CodecMode=StringSpan, Transport=DirectTcp]
Runtime = .NET 10.0.11 (10.0.11, 10.0.1126.37416), X64 RyuJIT x86-64-v3; GC = Concurrent Workstation
Mean = 17.184 μs, StdErr = 2.159 μs (12.57%), N = 10, StdDev = 6.829 μs
Min = 10.573 μs, Q1 = 12.044 μs, Median = 14.171 μs, Q3 = 23.139 μs, Max = 28.244 μs
IQR = 11.095 μs, LowerFence = -4.598 μs, UpperFence = 39.781 μs
ConfidenceInterval = [6.860 μs; 27.508 μs] (CI 99.9%), Margin = 10.324 μs (60.08% of Mean)
Skewness = 0.6, Kurtosis = 1.44, MValue = 2.86
-------------------- Histogram --------------------
[ 9.418 μs ; 17.738 μs) | @@@@@@@
[17.738 μs ; 22.624 μs) | 
[22.624 μs ; 32.404 μs) | @@@
---------------------------------------------------

OneWayThroughputBenchmarks.Transfer: Job-JTGOSM(OutlierMode=DontRemove, IterationCount=10, IterationTime=250ms, LaunchCount=1, WarmupCount=3) [Framer=StxEtx, PayloadBytes=64, CodecMode=StringSpan, Transport=StreamFrame]
Runtime = .NET 10.0.11 (10.0.11, 10.0.1126.37416), X64 RyuJIT x86-64-v3; GC = Concurrent Workstation
Mean = 22.777 μs, StdErr = 4.460 μs (19.58%), N = 10, StdDev = 14.103 μs
Min = 11.464 μs, Q1 = 12.150 μs, Median = 15.363 μs, Q3 = 31.817 μs, Max = 53.662 μs
IQR = 19.667 μs, LowerFence = -17.351 μs, UpperFence = 61.317 μs
ConfidenceInterval = [1.455 μs; 44.099 μs] (CI 99.9%), Margin = 21.322 μs (93.61% of Mean)
Skewness = 0.92, Kurtosis = 2.51, MValue = 2
-------------------- Histogram --------------------
[ 5.107 μs ; 22.291 μs) | @@@@@@
[22.291 μs ; 40.521 μs) | @@@
[40.521 μs ; 62.254 μs) | @
---------------------------------------------------

OneWayThroughputBenchmarks.Transfer: Job-JTGOSM(OutlierMode=DontRemove, IterationCount=10, IterationTime=250ms, LaunchCount=1, WarmupCount=3) [Framer=StxEtx, PayloadBytes=1024, CodecMode=Bytes, Transport=DirectTcp]
Runtime = .NET 10.0.11 (10.0.11, 10.0.1126.37416), X64 RyuJIT x86-64-v3; GC = Concurrent Workstation
Mean = 19.181 μs, StdErr = 2.448 μs (12.76%), N = 10, StdDev = 7.741 μs
Min = 11.315 μs, Q1 = 11.759 μs, Median = 19.213 μs, Q3 = 26.079 μs, Max = 27.489 μs
IQR = 14.321 μs, LowerFence = -9.723 μs, UpperFence = 47.560 μs
ConfidenceInterval = [7.477 μs; 30.885 μs] (CI 99.9%), Margin = 11.704 μs (61.02% of Mean)
Skewness = 0.01, Kurtosis = 0.83, MValue = 4
-------------------- Histogram --------------------
[ 6.599 μs ; 16.652 μs) | @@@@@
[16.652 μs ; 21.963 μs) | 
[21.963 μs ; 32.205 μs) | @@@@@
---------------------------------------------------

OneWayThroughputBenchmarks.Transfer: Job-JTGOSM(OutlierMode=DontRemove, IterationCount=10, IterationTime=250ms, LaunchCount=1, WarmupCount=3) [Framer=StxEtx, PayloadBytes=1024, CodecMode=Bytes, Transport=StreamFrame]
Runtime = .NET 10.0.11 (10.0.11, 10.0.1126.37416), X64 RyuJIT x86-64-v3; GC = Concurrent Workstation
Mean = 21.126 μs, StdErr = 3.703 μs (17.53%), N = 10, StdDev = 11.709 μs
Min = 12.720 μs, Q1 = 13.741 μs, Median = 14.602 μs, Q3 = 27.428 μs, Max = 41.614 μs
IQR = 13.687 μs, LowerFence = -6.790 μs, UpperFence = 47.958 μs
ConfidenceInterval = [3.423 μs; 38.828 μs] (CI 99.9%), Margin = 17.703 μs (83.80% of Mean)
Skewness = 0.85, Kurtosis = 1.77, MValue = 2.86
-------------------- Histogram --------------------
[ 7.332 μs ; 21.598 μs) | @@@@@@@
[21.598 μs ; 29.257 μs) | 
[29.257 μs ; 43.524 μs) | @@@
---------------------------------------------------

OneWayThroughputBenchmarks.Transfer: Job-JTGOSM(OutlierMode=DontRemove, IterationCount=10, IterationTime=250ms, LaunchCount=1, WarmupCount=3) [Framer=StxEtx, PayloadBytes=1024, CodecMode=StringAlloc, Transport=DirectTcp]
Runtime = .NET 10.0.11 (10.0.11, 10.0.1126.37416), X64 RyuJIT x86-64-v3; GC = Concurrent Workstation
Mean = 11.919 μs, StdErr = 0.338 μs (2.84%), N = 10, StdDev = 1.070 μs
Min = 10.958 μs, Q1 = 11.123 μs, Median = 11.488 μs, Q3 = 12.454 μs, Max = 13.920 μs
IQR = 1.331 μs, LowerFence = 9.126 μs, UpperFence = 14.451 μs
ConfidenceInterval = [10.300 μs; 13.537 μs] (CI 99.9%), Margin = 1.618 μs (13.58% of Mean)
Skewness = 0.81, Kurtosis = 1.89, MValue = 2.86
-------------------- Histogram --------------------
[10.705 μs ; 12.009 μs) | @@@@@@@
[12.009 μs ; 12.651 μs) | 
[12.651 μs ; 13.955 μs) | @@@
---------------------------------------------------

OneWayThroughputBenchmarks.Transfer: Job-JTGOSM(OutlierMode=DontRemove, IterationCount=10, IterationTime=250ms, LaunchCount=1, WarmupCount=3) [Framer=StxEtx, PayloadBytes=1024, CodecMode=StringAlloc, Transport=StreamFrame]
Runtime = .NET 10.0.11 (10.0.11, 10.0.1126.37416), X64 RyuJIT x86-64-v3; GC = Concurrent Workstation
Mean = 19.716 μs, StdErr = 2.288 μs (11.61%), N = 10, StdDev = 7.236 μs
Min = 13.450 μs, Q1 = 15.644 μs, Median = 16.581 μs, Q3 = 21.666 μs, Max = 37.945 μs
IQR = 6.022 μs, LowerFence = 6.611 μs, UpperFence = 30.699 μs
ConfidenceInterval = [8.776 μs; 30.656 μs] (CI 99.9%), Margin = 10.940 μs (55.49% of Mean)
Skewness = 1.47, Kurtosis = 4.14, MValue = 3
-------------------- Histogram --------------------
[13.352 μs ; 22.168 μs) | @@@@@@@@
[22.168 μs ; 28.295 μs) | @
[28.295 μs ; 33.537 μs) | 
[33.537 μs ; 42.353 μs) | @
---------------------------------------------------

OneWayThroughputBenchmarks.Transfer: Job-JTGOSM(OutlierMode=DontRemove, IterationCount=10, IterationTime=250ms, LaunchCount=1, WarmupCount=3) [Framer=StxEtx, PayloadBytes=1024, CodecMode=StringSpan, Transport=DirectTcp]
Runtime = .NET 10.0.11 (10.0.11, 10.0.1126.37416), X64 RyuJIT x86-64-v3; GC = Concurrent Workstation
Mean = 18.068 μs, StdErr = 3.259 μs (18.04%), N = 10, StdDev = 10.305 μs
Min = 11.403 μs, Q1 = 11.832 μs, Median = 12.553 μs, Q3 = 23.276 μs, Max = 41.828 μs
IQR = 11.444 μs, LowerFence = -5.334 μs, UpperFence = 40.442 μs
ConfidenceInterval = [2.488 μs; 33.648 μs] (CI 99.9%), Margin = 15.580 μs (86.23% of Mean)
Skewness = 1.21, Kurtosis = 3, MValue = 2.57
-------------------- Histogram --------------------
[ 5.125 μs ; 18.744 μs) | @@@@@@@
[18.744 μs ; 32.951 μs) | @@
[32.951 μs ; 48.106 μs) | @
---------------------------------------------------

OneWayThroughputBenchmarks.Transfer: Job-JTGOSM(OutlierMode=DontRemove, IterationCount=10, IterationTime=250ms, LaunchCount=1, WarmupCount=3) [Framer=StxEtx, PayloadBytes=1024, CodecMode=StringSpan, Transport=StreamFrame]
Runtime = .NET 10.0.11 (10.0.11, 10.0.1126.37416), X64 RyuJIT x86-64-v3; GC = Concurrent Workstation
Mean = 15.317 μs, StdErr = 2.261 μs (14.76%), N = 10, StdDev = 7.149 μs
Min = 12.117 μs, Q1 = 12.428 μs, Median = 12.670 μs, Q3 = 13.002 μs, Max = 35.180 μs
IQR = 0.574 μs, LowerFence = 11.568 μs, UpperFence = 13.862 μs
ConfidenceInterval = [4.508 μs; 26.125 μs] (CI 99.9%), Margin = 10.809 μs (70.57% of Mean)
Skewness = 2.1, Kurtosis = 5.98, MValue = 2
-------------------- Histogram --------------------
[10.416 μs ; 19.127 μs) | @@@@@@@@@
[19.127 μs ; 27.838 μs) | 
[27.838 μs ; 30.825 μs) | 
[30.825 μs ; 39.535 μs) | @
---------------------------------------------------

OneWayThroughputBenchmarks.Transfer: Job-JTGOSM(OutlierMode=DontRemove, IterationCount=10, IterationTime=250ms, LaunchCount=1, WarmupCount=3) [Framer=StxEtx, PayloadBytes=65536, CodecMode=Bytes, Transport=DirectTcp]
Runtime = .NET 10.0.11 (10.0.11, 10.0.1126.37416), X64 RyuJIT x86-64-v3; GC = Concurrent Workstation
Mean = 68.693 μs, StdErr = 5.128 μs (7.46%), N = 10, StdDev = 16.216 μs
Min = 47.964 μs, Q1 = 57.115 μs, Median = 68.838 μs, Q3 = 76.835 μs, Max = 101.372 μs
IQR = 19.720 μs, LowerFence = 27.535 μs, UpperFence = 106.415 μs
ConfidenceInterval = [44.178 μs; 93.209 μs] (CI 99.9%), Margin = 24.516 μs (35.69% of Mean)
Skewness = 0.42, Kurtosis = 2.21, MValue = 2.33
-------------------- Histogram --------------------
[38.085 μs ;  61.782 μs) | @@@
[61.782 μs ;  81.539 μs) | @@@@@@
[81.539 μs ;  91.494 μs) | 
[91.494 μs ; 111.251 μs) | @
---------------------------------------------------

OneWayThroughputBenchmarks.Transfer: Job-JTGOSM(OutlierMode=DontRemove, IterationCount=10, IterationTime=250ms, LaunchCount=1, WarmupCount=3) [Framer=StxEtx, PayloadBytes=65536, CodecMode=Bytes, Transport=StreamFrame]
Runtime = .NET 10.0.11 (10.0.11, 10.0.1126.37416), X64 RyuJIT x86-64-v3; GC = Concurrent Workstation
Mean = 50.701 μs, StdErr = 3.872 μs (7.64%), N = 10, StdDev = 12.243 μs
Min = 35.130 μs, Q1 = 41.713 μs, Median = 46.361 μs, Q3 = 62.031 μs, Max = 68.022 μs
IQR = 20.318 μs, LowerFence = 11.236 μs, UpperFence = 92.508 μs
ConfidenceInterval = [32.191 μs; 69.210 μs] (CI 99.9%), Margin = 18.509 μs (36.51% of Mean)
Skewness = 0.21, Kurtosis = 1.22, MValue = 3.33
-------------------- Histogram --------------------
[33.669 μs ; 48.586 μs) | @@@@@@
[48.586 μs ; 56.110 μs) | 
[56.110 μs ; 71.026 μs) | @@@@
---------------------------------------------------

OneWayThroughputBenchmarks.Transfer: Job-JTGOSM(OutlierMode=DontRemove, IterationCount=10, IterationTime=250ms, LaunchCount=1, WarmupCount=3) [Framer=StxEtx, PayloadBytes=65536, CodecMode=StringAlloc, Transport=DirectTcp]
Runtime = .NET 10.0.11 (10.0.11, 10.0.1126.37416), X64 RyuJIT x86-64-v3; GC = Concurrent Workstation
Mean = 69.527 μs, StdErr = 5.490 μs (7.90%), N = 10, StdDev = 17.359 μs
Min = 54.614 μs, Q1 = 58.873 μs, Median = 66.805 μs, Q3 = 70.937 μs, Max = 114.561 μs
IQR = 12.065 μs, LowerFence = 40.776 μs, UpperFence = 89.034 μs
ConfidenceInterval = [43.283 μs; 95.772 μs] (CI 99.9%), Margin = 26.245 μs (37.75% of Mean)
Skewness = 1.6, Kurtosis = 4.65, MValue = 2
-------------------- Histogram --------------------
[ 52.209 μs ;  73.360 μs) | @@@@@@@@
[ 73.360 μs ;  86.755 μs) | @
[ 86.755 μs ; 103.985 μs) | 
[103.985 μs ; 125.136 μs) | @
---------------------------------------------------

OneWayThroughputBenchmarks.Transfer: Job-JTGOSM(OutlierMode=DontRemove, IterationCount=10, IterationTime=250ms, LaunchCount=1, WarmupCount=3) [Framer=StxEtx, PayloadBytes=65536, CodecMode=StringAlloc, Transport=StreamFrame]
Runtime = .NET 10.0.11 (10.0.11, 10.0.1126.37416), X64 RyuJIT x86-64-v3; GC = Concurrent Workstation
Mean = 105.427 μs, StdErr = 5.787 μs (5.49%), N = 10, StdDev = 18.299 μs
Min = 71.903 μs, Q1 = 96.366 μs, Median = 102.435 μs, Q3 = 115.778 μs, Max = 131.574 μs
IQR = 19.412 μs, LowerFence = 67.249 μs, UpperFence = 144.895 μs
ConfidenceInterval = [77.761 μs; 133.092 μs] (CI 99.9%), Margin = 27.665 μs (26.24% of Mean)
Skewness = -0.1, Kurtosis = 1.95, MValue = 2.33
-------------------- Histogram --------------------
[ 60.755 μs ;  83.051 μs) | @
[ 83.051 μs ;  91.671 μs) | 
[ 91.671 μs ; 113.966 μs) | @@@@@@
[113.966 μs ; 135.340 μs) | @@@
---------------------------------------------------

OneWayThroughputBenchmarks.Transfer: Job-JTGOSM(OutlierMode=DontRemove, IterationCount=10, IterationTime=250ms, LaunchCount=1, WarmupCount=3) [Framer=StxEtx, PayloadBytes=65536, CodecMode=StringSpan, Transport=DirectTcp]
Runtime = .NET 10.0.11 (10.0.11, 10.0.1126.37416), X64 RyuJIT x86-64-v3; GC = Concurrent Workstation
Mean = 52.575 μs, StdErr = 5.020 μs (9.55%), N = 10, StdDev = 15.873 μs
Min = 41.171 μs, Q1 = 42.239 μs, Median = 43.958 μs, Q3 = 63.486 μs, Max = 79.297 μs
IQR = 21.248 μs, LowerFence = 10.367 μs, UpperFence = 95.358 μs
ConfidenceInterval = [28.577 μs; 76.573 μs] (CI 99.9%), Margin = 23.998 μs (45.65% of Mean)
Skewness = 0.79, Kurtosis = 1.59, MValue = 2.86
-------------------- Histogram --------------------
[31.501 μs ; 52.622 μs) | @@@@@@@
[52.622 μs ; 64.847 μs) | 
[64.847 μs ; 84.187 μs) | @@@
---------------------------------------------------

OneWayThroughputBenchmarks.Transfer: Job-JTGOSM(OutlierMode=DontRemove, IterationCount=10, IterationTime=250ms, LaunchCount=1, WarmupCount=3) [Framer=StxEtx, PayloadBytes=65536, CodecMode=StringSpan, Transport=StreamFrame]
Runtime = .NET 10.0.11 (10.0.11, 10.0.1126.37416), X64 RyuJIT x86-64-v3; GC = Concurrent Workstation
Mean = 125.119 μs, StdErr = 10.499 μs (8.39%), N = 10, StdDev = 33.201 μs
Min = 85.613 μs, Q1 = 97.639 μs, Median = 115.470 μs, Q3 = 155.807 μs, Max = 171.634 μs
IQR = 58.167 μs, LowerFence = 10.388 μs, UpperFence = 243.058 μs
ConfidenceInterval = [74.924 μs; 175.314 μs] (CI 99.9%), Margin = 50.195 μs (40.12% of Mean)
Skewness = 0.17, Kurtosis = 1.16, MValue = 3.33
-------------------- Histogram --------------------
[ 80.455 μs ; 120.908 μs) | @@@@@@
[120.908 μs ; 142.290 μs) | 
[142.290 μs ; 182.743 μs) | @@@@
---------------------------------------------------

// * Summary *

BenchmarkDotNet v0.15.8, Windows 10 (10.0.19045.6466/22H2/2022Update)
12th Gen Intel Core i5-12500H 3.10GHz, 1 CPU, 16 logical and 12 physical cores
.NET SDK 10.0.400
  [Host]     : .NET 10.0.11 (10.0.11, 10.0.1126.37416), X64 RyuJIT x86-64-v3
  Job-JTGOSM : .NET 10.0.11 (10.0.11, 10.0.1126.37416), X64 RyuJIT x86-64-v3

OutlierMode=DontRemove  IterationCount=10  IterationTime=250ms  
LaunchCount=1  WarmupCount=3  

| Method   | Framer       | PayloadBytes | CodecMode   | Transport   | Mean      | Error     | StdDev    | Median    | Gen0    | Gen1    | Gen2    | Allocated |
|--------- |------------- |------------- |------------ |------------ |----------:|----------:|----------:|----------:|--------:|--------:|--------:|----------:|
| Transfer | LengthPrefix | 64           | Bytes       | DirectTcp   |  18.57 μs | 15.927 μs | 10.535 μs |  11.56 μs |       - |       - |       - |     206 B |
| Transfer | LengthPrefix | 64           | Bytes       | StreamFrame |  23.48 μs | 19.548 μs | 12.930 μs |  21.61 μs |  0.0610 |       - |       - |     629 B |
| Transfer | LengthPrefix | 64           | StringAlloc | DirectTcp   |  20.68 μs | 11.606 μs |  7.677 μs |  25.81 μs |       - |       - |       - |     358 B |
| Transfer | LengthPrefix | 64           | StringAlloc | StreamFrame |  21.05 μs | 22.276 μs | 14.734 μs |  12.97 μs |  0.0698 |       - |       - |     810 B |
| Transfer | LengthPrefix | 64           | StringSpan  | DirectTcp   |  16.17 μs | 15.933 μs | 10.539 μs |  11.27 μs |       - |       - |       - |     252 B |
| Transfer | LengthPrefix | 64           | StringSpan  | StreamFrame |  16.45 μs | 12.286 μs |  8.126 μs |  11.55 μs |  0.0550 |       - |       - |     596 B |
| Transfer | LengthPrefix | 1024         | Bytes       | DirectTcp   |  12.54 μs |  7.208 μs |  4.768 μs |  11.11 μs |  0.0977 |       - |       - |    1166 B |
| Transfer | LengthPrefix | 1024         | Bytes       | StreamFrame |  12.70 μs |  0.650 μs |  0.430 μs |  12.53 μs |  0.1628 |       - |       - |    1621 B |
| Transfer | LengthPrefix | 1024         | StringAlloc | DirectTcp   |  15.98 μs | 10.613 μs |  7.020 μs |  12.16 μs |  0.3906 |       - |       - |    3237 B |
| Transfer | LengthPrefix | 1024         | StringAlloc | StreamFrame |  15.94 μs |  9.232 μs |  6.107 μs |  13.68 μs |  0.4272 |       - |       - |    3679 B |
| Transfer | LengthPrefix | 1024         | StringSpan  | DirectTcp   |  19.91 μs | 19.185 μs | 12.690 μs |  13.22 μs |  0.2441 |       - |       - |    2183 B |
| Transfer | LengthPrefix | 1024         | StringSpan  | StreamFrame |  25.31 μs | 36.710 μs | 24.282 μs |  13.75 μs |  0.2520 |       - |       - |    2575 B |
| Transfer | LengthPrefix | 65536        | Bytes       | DirectTcp   |  62.63 μs | 13.583 μs |  8.984 μs |  63.72 μs |  6.6964 |  2.5112 |       - |   65645 B |
| Transfer | LengthPrefix | 65536        | Bytes       | StreamFrame |  37.01 μs | 10.215 μs |  6.756 μs |  34.52 μs |  7.3529 |  1.1489 |       - |   66163 B |
| Transfer | LengthPrefix | 65536        | StringAlloc | DirectTcp   |  56.60 μs |  5.187 μs |  3.431 μs |  56.16 μs | 41.5737 | 41.5737 | 41.5737 |  196750 B |
| Transfer | LengthPrefix | 65536        | StringAlloc | StreamFrame |  81.28 μs | 34.859 μs | 23.057 μs |  76.89 μs | 43.4028 | 36.4583 | 36.4583 |  198212 B |
| Transfer | LengthPrefix | 65536        | StringSpan  | DirectTcp   |  50.93 μs |  7.045 μs |  4.660 μs |  49.85 μs | 37.4540 | 37.4540 | 37.4540 |  131351 B |
| Transfer | LengthPrefix | 65536        | StringSpan  | StreamFrame | 110.03 μs | 39.241 μs | 25.956 μs | 112.06 μs | 35.6445 | 35.6445 | 35.6445 |  132402 B |
| Transfer | StxEtx       | 64           | Bytes       | DirectTcp   |  20.20 μs | 18.437 μs | 12.195 μs |  12.28 μs |       - |       - |       - |     212 B |
| Transfer | StxEtx       | 64           | Bytes       | StreamFrame |  18.37 μs | 13.402 μs |  8.864 μs |  13.19 μs |  0.0583 |       - |       - |     655 B |
| Transfer | StxEtx       | 64           | StringAlloc | DirectTcp   |  21.89 μs | 20.950 μs | 13.857 μs |  19.68 μs |       - |       - |       - |     355 B |
| Transfer | StxEtx       | 64           | StringAlloc | StreamFrame |  16.07 μs | 11.459 μs |  7.579 μs |  12.52 μs |  0.0601 |       - |       - |     782 B |
| Transfer | StxEtx       | 64           | StringSpan  | DirectTcp   |  17.18 μs | 10.324 μs |  6.829 μs |  14.17 μs |       - |       - |       - |     271 B |
| Transfer | StxEtx       | 64           | StringSpan  | StreamFrame |  22.78 μs | 21.322 μs | 14.103 μs |  15.36 μs |  0.0662 |       - |       - |     657 B |
| Transfer | StxEtx       | 1024         | Bytes       | DirectTcp   |  19.18 μs | 11.704 μs |  7.741 μs |  19.21 μs |  0.0977 |       - |       - |    1138 B |
| Transfer | StxEtx       | 1024         | Bytes       | StreamFrame |  21.13 μs | 17.703 μs | 11.709 μs |  14.60 μs |  0.1240 |       - |       - |    1595 B |
| Transfer | StxEtx       | 1024         | StringAlloc | DirectTcp   |  11.92 μs |  1.618 μs |  1.070 μs |  11.49 μs |  0.3906 |       - |       - |    3237 B |
| Transfer | StxEtx       | 1024         | StringAlloc | StreamFrame |  19.72 μs | 10.940 μs |  7.236 μs |  16.58 μs |  0.3906 |       - |       - |    3667 B |
| Transfer | StxEtx       | 1024         | StringSpan  | DirectTcp   |  18.07 μs | 15.580 μs | 10.305 μs |  12.55 μs |  0.2441 |       - |       - |    2190 B |
| Transfer | StxEtx       | 1024         | StringSpan  | StreamFrame |  15.32 μs | 10.809 μs |  7.149 μs |  12.67 μs |  0.2648 |  0.0662 |       - |    2667 B |
| Transfer | StxEtx       | 65536        | Bytes       | DirectTcp   |  68.69 μs | 24.516 μs | 16.216 μs |  68.84 μs |  6.6406 |  2.3438 |       - |   65609 B |
| Transfer | StxEtx       | 65536        | Bytes       | StreamFrame |  50.70 μs | 18.509 μs | 12.243 μs |  46.36 μs |  6.8359 |  0.9766 |       - |   66133 B |
| Transfer | StxEtx       | 65536        | StringAlloc | DirectTcp   |  69.53 μs | 26.245 μs | 17.359 μs |  66.81 μs | 41.5901 | 41.5901 | 41.5901 |  196754 B |
| Transfer | StxEtx       | 65536        | StringAlloc | StreamFrame | 105.43 μs | 27.665 μs | 18.299 μs | 102.43 μs | 43.9453 | 36.6211 | 36.6211 |  198211 B |
| Transfer | StxEtx       | 65536        | StringSpan  | DirectTcp   |  52.57 μs | 23.998 μs | 15.873 μs |  43.96 μs | 37.1094 | 37.1094 | 37.1094 |  131347 B |
| Transfer | StxEtx       | 65536        | StringSpan  | StreamFrame | 125.12 μs | 50.195 μs | 33.201 μs | 115.47 μs | 36.2723 | 36.2723 | 36.2723 |  132337 B |

// * Warnings *
MinIterationTime
  OneWayThroughputBenchmarks.Transfer: OutlierMode=DontRemove, IterationCount=10, IterationTime=250ms, LaunchCount=1, WarmupCount=3 -> The minimum observed iteration time is 71.947ms which is very small. It's recommended to increase it to at least 100ms using more operations.

// * Hints *
Outliers
  OneWayThroughputBenchmarks.Transfer: OutlierMode=DontRemove, IterationCount=10, IterationTime=250ms, LaunchCount=1, WarmupCount=3 -> 1 outlier  was  detected (54.46 μs)
  OneWayThroughputBenchmarks.Transfer: OutlierMode=DontRemove, IterationCount=10, IterationTime=250ms, LaunchCount=1, WarmupCount=3 -> 2 outliers were detected (35.39 μs, 36.87 μs)
  OneWayThroughputBenchmarks.Transfer: OutlierMode=DontRemove, IterationCount=10, IterationTime=250ms, LaunchCount=1, WarmupCount=3 -> 1 outlier  was  detected (26.09 μs)
  OneWayThroughputBenchmarks.Transfer: OutlierMode=DontRemove, IterationCount=10, IterationTime=250ms, LaunchCount=1, WarmupCount=3 -> 2 outliers were detected (13.35 μs, 13.55 μs)
  OneWayThroughputBenchmarks.Transfer: OutlierMode=DontRemove, IterationCount=10, IterationTime=250ms, LaunchCount=1, WarmupCount=3 -> 1 outlier  was  detected (32.90 μs)
  OneWayThroughputBenchmarks.Transfer: OutlierMode=DontRemove, IterationCount=10, IterationTime=250ms, LaunchCount=1, WarmupCount=3 -> 1 outlier  was  detected (42.53 μs)
  OneWayThroughputBenchmarks.Transfer: OutlierMode=DontRemove, IterationCount=10, IterationTime=250ms, LaunchCount=1, WarmupCount=3 -> 1 outlier  was  detected (90.18 μs)
  OneWayThroughputBenchmarks.Transfer: OutlierMode=DontRemove, IterationCount=10, IterationTime=250ms, LaunchCount=1, WarmupCount=3 -> 2 outliers were detected (39.45 μs, 55.57 μs)
  OneWayThroughputBenchmarks.Transfer: OutlierMode=DontRemove, IterationCount=10, IterationTime=250ms, LaunchCount=1, WarmupCount=3 -> 1 outlier  was  detected (131.19 μs)
  OneWayThroughputBenchmarks.Transfer: OutlierMode=DontRemove, IterationCount=10, IterationTime=250ms, LaunchCount=1, WarmupCount=3 -> 2 outliers were detected (69.10 μs, 155.51 μs)
  OneWayThroughputBenchmarks.Transfer: OutlierMode=DontRemove, IterationCount=10, IterationTime=250ms, LaunchCount=1, WarmupCount=3 -> 1 outlier  was  detected (55.29 μs)
  OneWayThroughputBenchmarks.Transfer: OutlierMode=DontRemove, IterationCount=10, IterationTime=250ms, LaunchCount=1, WarmupCount=3 -> 2 outliers were detected (30.29 μs, 30.56 μs)
  OneWayThroughputBenchmarks.Transfer: OutlierMode=DontRemove, IterationCount=10, IterationTime=250ms, LaunchCount=1, WarmupCount=3 -> 1 outlier  was  detected (37.94 μs)
  OneWayThroughputBenchmarks.Transfer: OutlierMode=DontRemove, IterationCount=10, IterationTime=250ms, LaunchCount=1, WarmupCount=3 -> 1 outlier  was  detected (41.83 μs)
  OneWayThroughputBenchmarks.Transfer: OutlierMode=DontRemove, IterationCount=10, IterationTime=250ms, LaunchCount=1, WarmupCount=3 -> 2 outliers were detected (17.43 μs, 35.18 μs)
  OneWayThroughputBenchmarks.Transfer: OutlierMode=DontRemove, IterationCount=10, IterationTime=250ms, LaunchCount=1, WarmupCount=3 -> 1 outlier  was  detected (114.56 μs)

// * Legends *
  Framer       : Value of the 'Framer' parameter
  PayloadBytes : Value of the 'PayloadBytes' parameter
  CodecMode    : Value of the 'CodecMode' parameter
  Transport    : Value of the 'Transport' parameter
  Mean         : Arithmetic mean of all measurements
  Error        : Half of 99.9% confidence interval
  StdDev       : Standard deviation of all measurements
  Median       : Value separating the higher half of all measurements (50th percentile)
  Gen0         : GC Generation 0 collects per 1000 operations
  Gen1         : GC Generation 1 collects per 1000 operations
  Gen2         : GC Generation 2 collects per 1000 operations
  Allocated    : Allocated memory per single operation (managed only, inclusive, 1KB = 1024B)
  1 μs         : 1 Microsecond (0.000001 sec)

// * Diagnostic Output - MemoryDiagnoser *


// ***** BenchmarkRunner: End *****
Run time: 00:03:12 (192.04 sec), executed benchmarks: 36

Global total time: 00:03:28 (208.16 sec), executed benchmarks: 36
// * Artifacts cleanup *
Artifacts cleanup is finished
